$hessian                                                                        
        0.6528502849  -0.0029889015   0.0018960137  -0.2699626931  -0.0635357895
       -0.0006050994   0.0279263552  -0.0830829298   0.0011582843  -0.0689447035
       -0.0000761313  -0.0002179063   0.0253579565   0.0843969314  -0.0009121931
       -0.2770714344   0.0648545916  -0.0010367313  -0.0438684921   0.0018228628
       -0.0000508446  -0.0261280018  -0.0116952848   0.0000612727   0.0015582409
        0.0005867383  -0.0000236471   0.0016517744  -0.0005543479  -0.0000373591
       -0.0262279987   0.0113299471  -0.0002183696   0.0021600263  -0.0009845561
        0.0000119690   0.0006985615  -0.0000403287   0.0000155320   0.0003396372
        0.0000053647   0.0000013396  -0.0001088338  -0.0001923236  -0.0000283835
       -0.0001272597   0.0000896844   0.0000111634   0.0001230754  -0.0000714944
        0.0000016439  -0.0001274985  -0.0000857191   0.0000032009  -0.0001106728
        0.0001790038   0.0000292180  -0.0000222666   0.0000055441  -0.0000021071
       -0.0000403986   0.0000415958   0.0000385595   0.0000416594  -0.0000158554
        0.0000433544   0.0000466935  -0.0000040582  -0.0000271737  -0.0000319575
       -0.0000390227  -0.0000406766   0.0000334143   0.0000846433  -0.0000362108
       -0.0000154681  -0.0000301644  -0.0000348491
       -0.0029889015   0.6804466171  -0.0065337010  -0.1427561799  -0.1556780407
        0.0006412925  -0.0247864365  -0.0375047718   0.0002755537  -0.0000364247
        0.0050629171  -0.0001461178   0.0256227770  -0.0359090899   0.0004619887
        0.1438076639  -0.1544596115   0.0016309126   0.0017020094  -0.3022483845
        0.0031053242   0.0124251662   0.0066933083   0.0000235040   0.0000163241
       -0.0057307225   0.0001591384   0.0002128477  -0.0060220325   0.0001282972
       -0.0128723329   0.0067868830  -0.0000688664  -0.0001645673  -0.0017745824
        0.0000445894  -0.0001681322   0.0003375335   0.0000027770   0.0000053643
        0.0006086184  -0.0000269032  -0.0000729122   0.0000113479   0.0000470909
       -0.0002096191  -0.0001156791   0.0000733349   0.0000239092  -0.0006733867
       -0.0000216974   0.0001648462  -0.0001320324   0.0000944363   0.0000732426
        0.0000315967   0.0000444978   0.0000034377  -0.0001070851   0.0001443080
       -0.0000101787   0.0000569072  -0.0000384994   0.0000385517  -0.0000673525
        0.0000072194  -0.0000422065  -0.0000509933   0.0000187223   0.0000076628
        0.0000459543  -0.0000385570   0.0000291920   0.0004204811  -0.0000761802
       -0.0000251033  -0.0000283995   0.0000475351
        0.0018960137  -0.0065337010   0.1129969106   0.0005817501   0.0011029999
       -0.0471349992   0.0004675966   0.0000809972   0.0016309417  -0.0001900109
        0.0000035773  -0.0060710364  -0.0002961717   0.0006325662   0.0013982440
       -0.0021699044   0.0015571561  -0.0466986660  -0.0000463173   0.0031299087
       -0.0323448552  -0.0002822827  -0.0001390446   0.0008261333  -0.0000384993
        0.0001820831   0.0080711278  -0.0000238511   0.0001866430   0.0079065743
        0.0001054185  -0.0000599519   0.0007820441   0.0000075262  -0.0001382790
       -0.0002474841  -0.0000040378   0.0000043563   0.0000579192  -0.0000013454
        0.0000268986  -0.0004936732   0.0000772642  -0.0000003900  -0.0003758896
        0.0000507957   0.0000208054   0.0000234476   0.0000119530   0.0002435300
       -0.0000707393  -0.0000596500   0.0000219627   0.0000195524  -0.0000796779
        0.0000016926  -0.0003727790  -0.0000003152  -0.0000650284   0.0000251715
        0.0000125450  -0.0000018717   0.0000310628  -0.0000167363  -0.0000198542
       -0.0000019638   0.0000233229  -0.0000349933   0.0000029893  -0.0000131520
       -0.0000038257   0.0000299476  -0.0000155709  -0.0002260840   0.0000150881
        0.0000033371   0.0000278468  -0.0000050685
       -0.2699626931  -0.1427561799   0.0005817501   0.6695455349  -0.0088754613
        0.0031123575  -0.0950653433   0.0387128818  -0.0008322967   0.0309435507
        0.0258139899  -0.0002008390  -0.0134504865  -0.0308857333   0.0003213162
       -0.0687005847   0.0293994754  -0.0005664914  -0.0010453684  -0.0018104304
       -0.0000062565  -0.2396754721   0.1098791510  -0.0023393919  -0.0013758427
       -0.0257068379   0.0003165086   0.0005335112  -0.0005570394   0.0000165640
       -0.0045605560   0.0027931411  -0.0000295076  -0.0065133086   0.0022732800
       -0.0000810804  -0.0006552897   0.0017383382  -0.0000480710  -0.0001088343
       -0.0000729123  -0.0000772657   0.0006013760  -0.0000156208   0.0000537428
        0.0001563957  -0.0001032235  -0.0000481183  -0.0000817767   0.0003039969
        0.0000412547  -0.0001074984   0.0002203611  -0.0000625137  -0.0001611105
       -0.0001224583  -0.0000512776   0.0000459304  -0.0001036557   0.0000254217
       -0.0001311067   0.0000705606  -0.0001308620  -0.0000647540  -0.0000650715
        0.0000321183   0.0000130384  -0.0000255718  -0.0000063326  -0.0001102149
        0.0000322166  -0.0000142329  -0.0000751882  -0.0001805760  -0.0000393626
        0.0000060917   0.0000433794   0.0000328660
       -0.0635357895  -0.1556780407   0.0011029999  -0.0088754613   0.6675666103
       -0.0066534970  -0.0371714684  -0.3463544502   0.0033096439   0.0842819807
       -0.0346006395   0.0006626413  -0.0273651008  -0.0482656846   0.0004372120
       -0.0312412233   0.0595103084  -0.0008622587  -0.0260632518  -0.0188548795
        0.0000997090   0.1100070318  -0.1060338810   0.0013063790  -0.0024972626
       -0.0173244764   0.0001857932  -0.0008857554  -0.0002296697   0.0000379488
        0.0032925001  -0.0005782463   0.0001239518   0.0003097260   0.0019001907
        0.0000422558  -0.0002290735  -0.0010459778  -0.0000006251  -0.0001923235
        0.0000113492   0.0000003897  -0.0000156220   0.0005409422  -0.0000188629
        0.0002237202  -0.0002559423   0.0001181550   0.0000302826   0.0003234661
       -0.0000913696   0.0001726860   0.0001565472   0.0000266721   0.0001101671
       -0.0000885411  -0.0000224414  -0.0000083013  -0.0001699122  -0.0000218083
        0.0000483283  -0.0000218360   0.0000687516  -0.0001943605  -0.0000600490
       -0.0000484912  -0.0000618174   0.0000289301   0.0000057129  -0.0000979744
       -0.0000624124   0.0000094752  -0.0000100185  -0.0004415473   0.0002509144
       -0.0000316186   0.0000278419  -0.0000692515
       -0.0006050994   0.0006412925  -0.0471349992   0.0031123575  -0.0066534970
        0.1169335346   0.0001029175   0.0038327773  -0.0429602153  -0.0009175047
        0.0003977114  -0.0026139045   0.0003739010   0.0004226684  -0.0042306470
        0.0001149265  -0.0006807226   0.0013602060   0.0003127815   0.0002127775
       -0.0000825855  -0.0023584505   0.0013878501  -0.0345062065   0.0000349943
        0.0000415718  -0.0001043058   0.0000072550   0.0000016759  -0.0002074025
       -0.0000891605   0.0001049345   0.0077923068  -0.0000693801   0.0001975391
        0.0055639380   0.0000008575   0.0000559681   0.0013122642   0.0000283831
       -0.0000470936  -0.0003758865  -0.0000537501   0.0000188589  -0.0004743129
        0.0000518785   0.0000135069  -0.0003812626  -0.0000065969   0.0000974522
        0.0000817171  -0.0000283883  -0.0000325637  -0.0000980801  -0.0000509665
        0.0000192196   0.0000224640  -0.0000066747   0.0000122241   0.0000317579
        0.0000169699  -0.0000029212   0.0000286332   0.0000010296   0.0000109712
        0.0000341089   0.0000051655  -0.0000087110   0.0000105627   0.0000314416
        0.0000160421   0.0000017164  -0.0000098665  -0.0000851561  -0.0000226072
        0.0000009792   0.0000256237   0.0000192057
        0.0279263552  -0.0247864365   0.0004675966  -0.0950653433  -0.0371714684
        0.0001029175   0.6569365483   0.0169405386   0.0033008445  -0.2672496198
        0.1267691569  -0.0026293891  -0.0605222877  -0.0266818759   0.0001311238
       -0.0143600389   0.0285863539  -0.0004235053  -0.0040757749  -0.0033220838
       -0.0000146912  -0.0022357165   0.0267291597  -0.0003456676  -0.2360380607
       -0.1173076002  -0.0002606488  -0.0043323254  -0.0028689792   0.0000208205
        0.0006186471   0.0005450374  -0.0000017637  -0.0020540449   0.0127976051
       -0.0002213231   0.0004800584  -0.0002635295   0.0000093395  -0.0001272598
       -0.0002096201  -0.0000507934   0.0001563966   0.0002237200  -0.0000518845
        0.0004282039  -0.0000543177   0.0000149444   0.0000454620   0.0007620268
        0.0000746181  -0.0001616380   0.0001271790  -0.0000896209  -0.0001345320
       -0.0001746070  -0.0000309208  -0.0000421038  -0.0000210442   0.0000100344
       -0.0000076065   0.0000050111   0.0000582365  -0.0000972821  -0.0000276544
       -0.0001157135  -0.0000455278  -0.0000600571  -0.0000111940   0.0000259504
        0.0000103264   0.0000012705  -0.0000743000  -0.0007063489   0.0000725458
        0.0000058404   0.0001595082  -0.0000171763
       -0.0830829298  -0.0375047718   0.0000809972   0.0387128818  -0.3463544502
        0.0038327773   0.0169405386   0.6895826036  -0.0064966523   0.0493029913
       -0.1342442520   0.0012658504   0.0252777700   0.0539864614  -0.0005130259
        0.0309800915  -0.0471784322   0.0006077188  -0.0028978484  -0.0007817791
        0.0001089882   0.0029365708  -0.0180523318   0.0002718942  -0.1161043604
       -0.1145019102   0.0000994784  -0.0035502708  -0.0006275211   0.0001059697
        0.0008319894  -0.0001391647  -0.0000386315   0.0390738827  -0.0377688787
        0.0007582601   0.0015768089  -0.0064004828   0.0001347199   0.0000896841
       -0.0001156788  -0.0000208074  -0.0001032235  -0.0002559418  -0.0000135054
       -0.0000543176   0.0004628802  -0.0000048769   0.0001067621  -0.0005440276
        0.0000407180  -0.0000615259  -0.0001011469  -0.0000033367  -0.0002101952
        0.0001459943   0.0000440860  -0.0000480185   0.0000307367  -0.0000519525
        0.0001264583  -0.0000290331  -0.0000153605   0.0000622710   0.0000059731
       -0.0000410390   0.0000509675  -0.0000458184  -0.0000182720   0.0001174512
        0.0000437706  -0.0000334649   0.0000070998   0.0005045216  -0.0002647431
       -0.0000815288  -0.0001173201   0.0001642101
        0.0011582843   0.0002755537   0.0016309417  -0.0008322967   0.0033096439
       -0.0429602153   0.0033008445  -0.0064966523   0.1101316200  -0.0018055816
        0.0019619334  -0.0513967496  -0.0005757532  -0.0007389998   0.0002539773
       -0.0003777401   0.0007112877  -0.0039163474  -0.0000338623   0.0000412636
        0.0071457902  -0.0000384869   0.0003473193   0.0004750993  -0.0001225029
        0.0000827811  -0.0327095022  -0.0000081205   0.0000895326   0.0070633304
       -0.0000140788  -0.0000050710  -0.0001293594  -0.0006320724   0.0003059108
        0.0037894118  -0.0000321195   0.0001319738   0.0016921940  -0.0000111624
       -0.0000733331   0.0000234469   0.0000481163  -0.0001181564  -0.0003812602
       -0.0000149500   0.0000048740  -0.0005052094  -0.0000941784   0.0001012653
       -0.0001425559  -0.0000763373  -0.0000064040   0.0000043239  -0.0000377089
       -0.0000157578  -0.0001031658   0.0000158440   0.0000426764   0.0000013294
        0.0000127399  -0.0000107916   0.0000327765   0.0000667559   0.0000417539
        0.0000649694   0.0000349117  -0.0000070561   0.0000080841   0.0000255285
        0.0000154270   0.0000071794   0.0000649424  -0.0000292492  -0.0001105083
       -0.0000210158   0.0000382748   0.0000303992
       -0.0689447035  -0.0000364247  -0.0001900109   0.0309435507   0.0842819807
       -0.0009175047  -0.2672496198   0.0493029913  -0.0018055816   0.6724968043
       -0.0008602239   0.0016716418  -0.2657747781  -0.0494370274   0.0003276241
        0.0319734453  -0.0844264848   0.0011119248  -0.0008242487  -0.0000257696
       -0.0000045200   0.0013244742  -0.0006552118  -0.0000198070  -0.0278587659
        0.0108600862  -0.0001957175  -0.0278919151  -0.0105495675   0.0000245611
        0.0014862073   0.0011411773  -0.0000525996  -0.0807945848  -0.0371234646
        0.0005568046   0.0012204597   0.0374454762  -0.0006499388   0.0001230758
        0.0000239088  -0.0000119546  -0.0000817764   0.0000302834   0.0000066002
        0.0000454612   0.0001067616   0.0000941753   0.0004737083   0.0000412203
       -0.0000079466   0.0000006725  -0.0001091872  -0.0001065361  -0.0000558952
       -0.0000404234  -0.0000042684  -0.0000581264  -0.0000145699   0.0000055261
       -0.0000198031   0.0000597966   0.0000259337  -0.0001759145  -0.0000666947
       -0.0000341500  -0.0001746558   0.0000866748   0.0000306340  -0.0000349441
       -0.0000572431  -0.0000160976  -0.0001318910  -0.0000797079   0.0000391917
       -0.0000162368   0.0001016435   0.0001220161
       -0.0000761313   0.0050629171   0.0000035773   0.0258139899  -0.0346006395
        0.0003977114   0.1267691569  -0.1342442520   0.0019619334  -0.0008602239
        0.6471613693  -0.0079962061  -0.1352861804  -0.1390482705   0.0009127437
       -0.0242770401  -0.0350224187   0.0002552234  -0.0000001656   0.0008504270
        0.0000240065  -0.0000119742  -0.0054198926   0.0001946233  -0.0148580718
        0.0073777555  -0.0001985855   0.0144779048   0.0035239503  -0.0000922002
        0.0002303454  -0.0049242606   0.0001765078  -0.0029838223  -0.2888297910
        0.0041118156   0.0104928639  -0.0219242464   0.0002660332  -0.0000714965
       -0.0006733869  -0.0002435284   0.0003039953   0.0003234686  -0.0000974538
        0.0007620243  -0.0005440270  -0.0001012697   0.0000412153   0.0072487708
       -0.0006257934  -0.0007703313  -0.0004654264  -0.0001376046  -0.0002475213
        0.0001864355  -0.0001073249   0.0000021448  -0.0002516437   0.0000996061
        0.0001499812  -0.0002261403   0.0001021317  -0.0002418858   0.0001091896
        0.0000252755   0.0002282719  -0.0000566946   0.0000043527  -0.0001521210
       -0.0002384981   0.0001007829  -0.0001459111  -0.0058546250   0.0025167240
        0.0007109830   0.0004799297  -0.0015530820
       -0.0002179063  -0.0001461178  -0.0060710364  -0.0002008390   0.0006626413
       -0.0026139045  -0.0026293891   0.0012658504  -0.0513967496   0.0016716418
       -0.0079962061   0.1300605459   0.0012978426   0.0009060477  -0.0501204541
        0.0003991763   0.0000884869  -0.0024710972  -0.0000028216   0.0000065857
        0.0006134303  -0.0000346499   0.0001592657   0.0088531391   0.0000061847
        0.0000238710   0.0019006191  -0.0002196560  -0.0000079894   0.0009882999
       -0.0000184241   0.0001531340   0.0084396469  -0.0000693352   0.0045447206
       -0.0362485374  -0.0001378142   0.0003854925  -0.0010118209  -0.0000016453
        0.0000217005  -0.0000707392  -0.0000412553   0.0000913669   0.0000817182
       -0.0000746215  -0.0000407167  -0.0001425554   0.0000079367   0.0006257659
       -0.0008025164   0.0000810448  -0.0000576566  -0.0001316640   0.0000407388
        0.0001018932   0.0000781925   0.0000000769  -0.0000928837  -0.0000220331
        0.0000427018  -0.0000636579  -0.0000309138  -0.0000685425  -0.0000077605
       -0.0000530118   0.0000525479  -0.0000057052  -0.0000431793  -0.0000460224
       -0.0000649624  -0.0000281628   0.0000430001  -0.0003586361   0.0005920559
        0.0001200301  -0.0001945297  -0.0003492719
        0.0253579565   0.0256227770  -0.0002961717  -0.0134504865  -0.0273651008
        0.0003739010  -0.0605222877   0.0252777700  -0.0005757532  -0.2657747781
       -0.1352861804   0.0012978426   0.6531991108  -0.0052340150   0.0011901930
       -0.0945296411   0.0394595658  -0.0005028353  -0.0040981630   0.0032070177
       -0.0000578000   0.0006904882  -0.0005988479   0.0000061526  -0.0041633543
        0.0026942072  -0.0000938198  -0.2338518921   0.1038911106  -0.0019705834
       -0.0021925167  -0.0269757177   0.0003228706  -0.0035931618  -0.0063169033
        0.0000486904   0.0028757381   0.0016104549   0.0000033063  -0.0001274980
        0.0001648458   0.0000596502  -0.0001074979   0.0001726859   0.0000283883
       -0.0001616370  -0.0000615260   0.0000763387   0.0000006732  -0.0007703311
       -0.0000810433   0.0005599959   0.0000220986  -0.0000080916   0.0001107499
       -0.0001181649   0.0000553867  -0.0000430521   0.0000218491  -0.0000129034
        0.0000220614  -0.0000197606  -0.0000030807  -0.0000481435   0.0000349238
        0.0000090977  -0.0001352056   0.0000733111   0.0000996041   0.0000000113
       -0.0000135894  -0.0000556196   0.0000032135   0.0006039028  -0.0000533404
       -0.0000206834  -0.0000963833   0.0001396200
        0.0843969314  -0.0359090899   0.0006325662  -0.0308857333  -0.0482656846
        0.0004226684  -0.0266818759   0.0539864614  -0.0007389998  -0.0494370274
       -0.1390482705   0.0009060477  -0.0052340150   0.6741152076  -0.0069126382
       -0.0371477171  -0.3381229498   0.0034858118   0.0026975928  -0.0005270167
        0.0001334168  -0.0008594858  -0.0001942344  -0.0000447163   0.0030846971
       -0.0011144119   0.0000910455   0.1045982260  -0.1025797037   0.0012897663
       -0.0026792623  -0.0184168845   0.0002505173  -0.0388220424  -0.0454676809
        0.0007048050  -0.0028440644   0.0015269548  -0.0000439039  -0.0000857198
       -0.0001320327  -0.0000219634   0.0002203613   0.0001565474   0.0000325618
        0.0001271786  -0.0001011475   0.0000064027  -0.0001091868  -0.0004654275
        0.0000576567   0.0000220980   0.0004877297  -0.0000223843   0.0000920733
       -0.0002713764  -0.0000335422   0.0000484663   0.0000280790  -0.0000497657
       -0.0001182026   0.0000428806  -0.0000296851  -0.0000655332  -0.0000508032
       -0.0000127157  -0.0000702180   0.0000240701  -0.0000301346  -0.0001400488
       -0.0000393650  -0.0000052125   0.0000247543   0.0003961426  -0.0002533154
       -0.0001322462  -0.0000579941   0.0001857110
       -0.0009121931   0.0004619887   0.0013982440   0.0003213162   0.0004372120
       -0.0042306470   0.0001311238  -0.0005130259   0.0002539773   0.0003276241
        0.0009127437  -0.0501204541   0.0011901930  -0.0069126382   0.1085635941
        0.0003756704   0.0036075130  -0.0434586014  -0.0000446378   0.0000709122
        0.0074508605   0.0000150663  -0.0000043831  -0.0000547656  -0.0000783586
        0.0001017569   0.0072057281  -0.0018681905   0.0011207077  -0.0313130567
        0.0000148075   0.0001572861   0.0005937541   0.0005354330   0.0005433985
        0.0059937990   0.0000312859  -0.0000505650  -0.0012959295  -0.0000032002
       -0.0000944360   0.0000195518   0.0000625120  -0.0000266755  -0.0000980817
        0.0000896223   0.0000033374   0.0000043230   0.0001065359   0.0001376105
       -0.0001316642   0.0000080832   0.0000223794  -0.0005688391  -0.0000495599
       -0.0001517127  -0.0003440861  -0.0000169256   0.0000492613   0.0000016718
       -0.0000338017   0.0000205867   0.0000083216  -0.0000331232   0.0000063098
        0.0000050988  -0.0000944210   0.0000643649   0.0000467990  -0.0000148117
       -0.0000153616   0.0000329237  -0.0001036004  -0.0000873216  -0.0001008542
        0.0000435503   0.0001387508   0.0001383327
       -0.2770714344   0.1438076639  -0.0021699044  -0.0687005847  -0.0312412233
        0.0001149265  -0.0143600389   0.0309800915  -0.0003777401   0.0319734453
       -0.0242770401   0.0003991763  -0.0945296411  -0.0371477171   0.0003756704
        0.6732883382   0.0054990493   0.0008100979  -0.0015113503   0.0020574320
       -0.0000066642  -0.0044843772  -0.0028426454  -0.0000590066   0.0004324321
        0.0005130232  -0.0000094867  -0.0023620597   0.0274024042  -0.0002912528
       -0.2361631825  -0.1108884207   0.0009470440  -0.0058541744  -0.0040035658
        0.0000377531  -0.0006328818   0.0000926405   0.0000012073  -0.0001106727
        0.0000732417   0.0000796760  -0.0001611099   0.0001101670   0.0000509649
       -0.0001345311  -0.0002101952   0.0000377099  -0.0000558955  -0.0002475206
       -0.0000407358   0.0001107496   0.0000920739   0.0000495562   0.0005980715
        0.0000120079  -0.0000566108   0.0000541255   0.0001042171  -0.0000260500
       -0.0001015348  -0.0000308325   0.0000174395   0.0000083974   0.0000284114
       -0.0000075876  -0.0000828149   0.0000774886  -0.0000203387  -0.0001313247
       -0.0000743966   0.0001252235  -0.0000402813   0.0001147636   0.0000585371
        0.0000223302  -0.0000011183  -0.0000396049
        0.0648545916  -0.1544596115   0.0015571561   0.0293994754   0.0595103084
       -0.0006807226   0.0285863539  -0.0471784322   0.0007112877  -0.0844264848
       -0.0350224187   0.0000884869   0.0394595658  -0.3381229498   0.0036075130
        0.0054990493   0.6629707298  -0.0065954889   0.0264851004  -0.0186655389
        0.0002718361  -0.0032463360  -0.0006712267   0.0001143337   0.0009136541
       -0.0001202682   0.0000380675   0.0030414659  -0.0177383750   0.0001578879
       -0.1110550852  -0.1086467650   0.0005744516  -0.0002013090  -0.0014327958
        0.0001070693   0.0005611985  -0.0002936802  -0.0000154333   0.0001790041
        0.0000315978  -0.0000016958  -0.0001224581  -0.0000885408  -0.0000192161
       -0.0001746064   0.0001459941   0.0000157589  -0.0000404241   0.0001864334
       -0.0001018922  -0.0001181636  -0.0002713767   0.0001517160   0.0000120084
        0.0005709369  -0.0000073903   0.0000018601  -0.0001646562  -0.0000194225
        0.0000940356  -0.0000700750   0.0000070922   0.0000726191   0.0000160816
        0.0000182590   0.0002082310  -0.0000980468  -0.0000536017  -0.0000370813
       -0.0000060955   0.0000653791   0.0000260043  -0.0002715198   0.0001910430
        0.0000277309  -0.0001097090  -0.0001824745
       -0.0010367313   0.0016309126  -0.0466986660  -0.0005664914  -0.0008622587
        0.0013602060  -0.0004235053   0.0006077188  -0.0039163474   0.0011119248
        0.0002552234  -0.0024710972  -0.0005028353   0.0034858118  -0.0434586014
        0.0008100979  -0.0065954889   0.1163539793  -0.0003186724   0.0002162805
       -0.0002265172   0.0000057047   0.0000845950   0.0075728049  -0.0000037077
        0.0000059460  -0.0001887689  -0.0000445710   0.0002561241  -0.0003223275
        0.0009804622   0.0006392321  -0.0341180592  -0.0000119171   0.0002272665
        0.0068969145  -0.0000073266   0.0000142061   0.0003079552  -0.0000292206
       -0.0000444943  -0.0003727769   0.0000512747   0.0000224382   0.0000224632
        0.0000309244  -0.0000440863  -0.0001031660   0.0000042665   0.0001073289
        0.0000781928  -0.0000553921   0.0000335379  -0.0003440878   0.0000566074
        0.0000073838  -0.0004683518   0.0000078241   0.0000104958   0.0000315290
       -0.0000296457   0.0000151691   0.0000012747  -0.0000011322  -0.0000011138
        0.0000108988   0.0000029796   0.0000003551   0.0000282061  -0.0000214962
       -0.0000038765   0.0000298774  -0.0000052255  -0.0000964592  -0.0000143849
       -0.0000041958   0.0000277523   0.0000088503
       -0.0438684921   0.0017020094  -0.0000463173  -0.0010453684  -0.0260632518
        0.0003127815  -0.0040757749  -0.0028978484  -0.0000338623  -0.0008242487
       -0.0000001656  -0.0000028216  -0.0040981630   0.0026975928  -0.0000446378
       -0.0015113503   0.0264851004  -0.0003186724   0.0538871342  -0.0019763108
        0.0001188807   0.0008041620  -0.0008483848   0.0000260224  -0.0000740202
       -0.0012993279   0.0000145642  -0.0001428115   0.0014194761  -0.0000111881
        0.0008124291   0.0008415567  -0.0000028092   0.0001138097   0.0000347934
        0.0000036031   0.0000265761  -0.0000843369   0.0000012667  -0.0000222668
        0.0000034369   0.0000003158   0.0000459300  -0.0000083006   0.0000066732
       -0.0000421039  -0.0000480179  -0.0000158425  -0.0000581265   0.0000021448
       -0.0000000762  -0.0000430514   0.0000484673   0.0000169246   0.0000541258
        0.0000018594  -0.0000078230   0.0000889484  -0.0000001384  -0.0000000543
       -0.0000359460  -0.0000463432  -0.0000218910   0.0000217751   0.0000186585
        0.0000150985   0.0000252605  -0.0000220645  -0.0000158923  -0.0000373448
        0.0000452605   0.0000211182  -0.0000121203   0.0000029260  -0.0000017856
        0.0000110379  -0.0000087914  -0.0000135748
        0.0018228628  -0.3022483845   0.0031299087  -0.0018104304  -0.0188548795
        0.0002127775  -0.0033220838  -0.0007817791   0.0000412636  -0.0000257696
        0.0008504270   0.0000065857   0.0032070177  -0.0005270167   0.0000709122
        0.0020574320  -0.0186655389   0.0002162805  -0.0019763108   0.3396157534
       -0.0036786552   0.0006106721   0.0009098020  -0.0000261966   0.0000670883
       -0.0008435433   0.0000203338  -0.0000050475  -0.0009349992   0.0000124782
       -0.0005945193   0.0009325082  -0.0000336390  -0.0001093251   0.0003083478
       -0.0000393120   0.0000906160   0.0001474526   0.0000058418   0.0000055447
       -0.0001070861   0.0000650280  -0.0001036555  -0.0001699118  -0.0000122226
       -0.0000210443   0.0000307371  -0.0000426761  -0.0000145693  -0.0002516428
        0.0000928845   0.0000218483   0.0000280794  -0.0000492616   0.0001042169
       -0.0001646561  -0.0000104961  -0.0000001384   0.0002251157  -0.0000252966
       -0.0000452803   0.0000171589   0.0000087872   0.0000251427   0.0000528852
        0.0000382625  -0.0000285389   0.0000619212   0.0000312088   0.0000451968
        0.0000195487   0.0000080499   0.0000072257   0.0003421060  -0.0001260545
       -0.0000081509   0.0000075947   0.0000832076
       -0.0000508446   0.0031053242  -0.0323448552  -0.0000062565   0.0000997090
       -0.0000825855  -0.0000146912   0.0001089882   0.0071457902  -0.0000045200
        0.0000240065   0.0006134303  -0.0000578000   0.0001334168   0.0074508605
       -0.0000066642   0.0002718361  -0.0002265172   0.0001188807  -0.0036786552
        0.0236899886   0.0000021601  -0.0000412108  -0.0024485918  -0.0000067736
        0.0000070613   0.0002068177   0.0000016490   0.0000143525   0.0002854687
        0.0000194238  -0.0000375969  -0.0025510549   0.0000078680  -0.0000471699
       -0.0014059690  -0.0000023189  -0.0000066377  -0.0002182137   0.0000021077
       -0.0001443022   0.0000251738  -0.0000254255   0.0000218039   0.0000317579
       -0.0000100324   0.0000519539   0.0000013291  -0.0000055276  -0.0000996151
       -0.0000220335   0.0000129031   0.0000497636   0.0000016709   0.0000260533
        0.0000194220   0.0000315287   0.0000000528   0.0000252949  -0.0001633702
       -0.0000054323  -0.0000236097  -0.0000101819   0.0000121648   0.0000214453
       -0.0000079587  -0.0000174244   0.0000307339  -0.0000056828   0.0000040290
       -0.0000224868  -0.0000088658   0.0000043401   0.0001325436   0.0000161242
        0.0000020788  -0.0000163713  -0.0000040604
       -0.0261280018   0.0124251662  -0.0002822827  -0.2396754721   0.1100070318
       -0.0023584505  -0.0022357165   0.0029365708  -0.0000384869   0.0013244742
       -0.0000119742  -0.0000346499   0.0006904882  -0.0008594858   0.0000150663
       -0.0044843772  -0.0032463360   0.0000057047   0.0008041620   0.0006106721
        0.0000021601   0.2699933330  -0.1217258107   0.0027124662   0.0010341136
       -0.0007755434   0.0000227194   0.0001104158  -0.0000119314   0.0000064838
       -0.0013823872   0.0006488607  -0.0000039139  -0.0001387582   0.0001555863
        0.0000051334   0.0000085439  -0.0001053814  -0.0000042393  -0.0000403988
       -0.0000101781  -0.0000125442  -0.0001311059   0.0000483283  -0.0000169697
       -0.0000076070   0.0001264582  -0.0000127394  -0.0000198032   0.0001499802
       -0.0000427021   0.0000220620  -0.0001182016   0.0000338014  -0.0001015345
        0.0000940349   0.0000296480  -0.0000359461  -0.0000452805   0.0000054330
        0.0001881137  -0.0000561999   0.0000154416   0.0000411701  -0.0000006403
       -0.0000177171   0.0000376222  -0.0000433312  -0.0000211259   0.0000733184
        0.0000044253  -0.0000285116   0.0000348328  -0.0001721379   0.0000756364
        0.0000184584  -0.0000246823  -0.0000553613
       -0.0116952848   0.0066933083  -0.0001390446   0.1098791510  -0.1060338810
        0.0013878501   0.0267291597  -0.0180523318   0.0003473193  -0.0006552118
       -0.0054198926   0.0001592657  -0.0005988479  -0.0001942344  -0.0000043831
       -0.0028426454  -0.0006712267   0.0000845950  -0.0008483848   0.0009098020
       -0.0000412108  -0.1217258107   0.1228950041  -0.0017916660   0.0007795315
        0.0008270285  -0.0000309989  -0.0000342282  -0.0000033514  -0.0000178303
       -0.0006735268   0.0002747988   0.0000019545   0.0014865265  -0.0007943202
        0.0000110157   0.0002580678  -0.0004453792   0.0000107000   0.0000415954
        0.0000569076   0.0000018703   0.0000705618  -0.0000218381   0.0000029206
        0.0000050115  -0.0000290340   0.0000107882   0.0000597960  -0.0002261405
        0.0000636581  -0.0000197610   0.0000428814  -0.0000205874  -0.0000308321
       -0.0000700761  -0.0000151673  -0.0000463428   0.0000171590   0.0000236114
       -0.0000561999   0.0001186321  -0.0000069806   0.0000071445  -0.0000598430
       -0.0000122857  -0.0000389601  -0.0000059758   0.0000150063  -0.0000040715
        0.0000098295   0.0000023602  -0.0000225054   0.0001621100  -0.0001125741
       -0.0000239324   0.0000200632   0.0000698136
        0.0000612727   0.0000235040   0.0008261333  -0.0023393919   0.0013063790
       -0.0345062065  -0.0003456676   0.0002718942   0.0004750993  -0.0000198070
        0.0001946233   0.0088531391   0.0000061526  -0.0000447163  -0.0000547656
       -0.0000590066   0.0001143337   0.0075728049   0.0000260224  -0.0000261966
       -0.0024485918   0.0027124662  -0.0017916660   0.0242906691   0.0000126136
       -0.0000508511  -0.0028350823   0.0000059184  -0.0000227973  -0.0017053155
       -0.0000029278   0.0000044131  -0.0000982176  -0.0000127441  -0.0000060700
        0.0000006237  -0.0000029250  -0.0000020996  -0.0002615099  -0.0000385594
        0.0000385004   0.0000310633   0.0001308623  -0.0000687545   0.0000286338
       -0.0000582348   0.0000153578   0.0000327730  -0.0000259352  -0.0001021353
       -0.0000309138   0.0000030799   0.0000296862   0.0000083205  -0.0000174374
       -0.0000070936   0.0000012742   0.0000218908  -0.0000087870  -0.0000101821
       -0.0000154442   0.0000069836  -0.0001614455   0.0000181237  -0.0000148017
       -0.0000100202  -0.0000178999   0.0000151046  -0.0000003867  -0.0000298847
       -0.0000028017  -0.0000084467  -0.0000137492   0.0001394641   0.0000110317
        0.0000012123  -0.0000114734  -0.0000004816
        0.0015582409   0.0000163241  -0.0000384993  -0.0013758427  -0.0024972626
        0.0000349943  -0.2360380607  -0.1161043604  -0.0001225029  -0.0278587659
       -0.0148580718   0.0000061847  -0.0041633543   0.0030846971  -0.0000783586
        0.0004324321   0.0009136541  -0.0000037077  -0.0000740202   0.0000670883
       -0.0000067736   0.0010341136   0.0007795315   0.0000126136   0.2648417844
        0.1301098359   0.0002377016  -0.0013749568  -0.0006369709   0.0000175505
        0.0001225754   0.0000523851   0.0000076202   0.0020099666  -0.0003493932
        0.0000135628   0.0008269157  -0.0005683643   0.0000157062   0.0000416593
        0.0000385511   0.0000167359  -0.0000647539  -0.0001943603  -0.0000010276
       -0.0000972818   0.0000622714  -0.0000667549  -0.0001759135  -0.0002418846
        0.0000685438  -0.0000481437  -0.0000655329   0.0000331241   0.0000083972
        0.0000726187   0.0000011308   0.0000217749   0.0000251426  -0.0000121654
        0.0000411701   0.0000071445  -0.0000181241   0.0001608514   0.0000428934
        0.0000293011   0.0000682744  -0.0000087777  -0.0000225824   0.0000317327
        0.0000363217  -0.0000137743   0.0000549595   0.0002753308  -0.0001109328
        0.0000162453  -0.0000588116   0.0000004342
        0.0005867383  -0.0057307225   0.0001820831  -0.0257068379  -0.0173244764
        0.0000415718  -0.1173076002  -0.1145019102   0.0000827811   0.0108600862
        0.0073777555   0.0000238710   0.0026942072  -0.0011144119   0.0001017569
        0.0005130232  -0.0001202682   0.0000059460  -0.0012993279  -0.0008435433
        0.0000070613  -0.0007755434   0.0008270285  -0.0000508511   0.1301098359
        0.1298072407  -0.0002949814   0.0008352718   0.0002958368  -0.0000147648
        0.0000483121   0.0000360881  -0.0000216762  -0.0005495814   0.0012750901
       -0.0000689183  -0.0000323028  -0.0000096919   0.0000051340  -0.0000158556
       -0.0000673525   0.0000198537  -0.0000650721  -0.0000600485  -0.0000109715
       -0.0000276538   0.0000059734  -0.0000417524  -0.0000666947   0.0001091898
        0.0000077609   0.0000349239  -0.0000508025  -0.0000063106   0.0000284117
        0.0000160807   0.0000011156   0.0000186583   0.0000528849  -0.0000214447
       -0.0000006400  -0.0000598434   0.0000148017   0.0000428933   0.0001096481
        0.0000160929   0.0000058088   0.0000119381   0.0000055815   0.0000367453
       -0.0000095687  -0.0000069435   0.0000093396  -0.0000303125   0.0000245375
        0.0000228542  -0.0000018023  -0.0000013343
       -0.0000236471   0.0001591384   0.0080711278   0.0003165086   0.0001857932
       -0.0001043058  -0.0002606488   0.0000994784  -0.0327095022  -0.0001957175
       -0.0001985855   0.0019006191  -0.0000938198   0.0000910455   0.0072057281
       -0.0000094867   0.0000380675  -0.0001887689   0.0000145642   0.0000203338
        0.0002068177   0.0000227194  -0.0000309989  -0.0028350823   0.0002377016
       -0.0002949814   0.0234844062  -0.0000108709  -0.0000158329  -0.0003056079
        0.0000075959  -0.0000160425  -0.0017254286   0.0000403949  -0.0000263021
       -0.0030532315   0.0000096908  -0.0000075983   0.0001124888  -0.0000433543
       -0.0000072194  -0.0000019643  -0.0000321170   0.0000484927   0.0000341092
        0.0001157146   0.0000410391   0.0000649693   0.0000341511  -0.0000252762
       -0.0000530124  -0.0000090975   0.0000127158   0.0000050990   0.0000075877
       -0.0000182593   0.0000108990  -0.0000150985  -0.0000382630  -0.0000079583
        0.0000177168   0.0000122861  -0.0000100205  -0.0000293039  -0.0000160942
       -0.0001639103  -0.0000338561   0.0000063329  -0.0000071252  -0.0000271108
       -0.0000162661  -0.0000004186  -0.0000218477   0.0000121353   0.0000932885
       -0.0000183693  -0.0000151389  -0.0000232159
        0.0016517744   0.0002128477  -0.0000238511   0.0005335112  -0.0008857554
        0.0000072550  -0.0043323254  -0.0035502708  -0.0000081205  -0.0278919151
        0.0144779048  -0.0002196560  -0.2338518921   0.1045982260  -0.0018681905
       -0.0023620597   0.0030414659  -0.0000445710  -0.0001428115  -0.0000050475
        0.0000016490   0.0001104158  -0.0000342282   0.0000059184  -0.0013749568
        0.0008352718  -0.0000108709   0.2647059792  -0.1176043616   0.0021758292
        0.0011604719  -0.0007242896   0.0000158385   0.0019182983   0.0014726870
       -0.0000057516  -0.0001823249  -0.0017555385   0.0000279684   0.0000466936
       -0.0000422067  -0.0000233230   0.0000130385  -0.0000618176  -0.0000051651
       -0.0000455281   0.0000509676  -0.0000349115  -0.0001746560   0.0002282714
       -0.0000525475  -0.0001352057  -0.0000702176   0.0000944233  -0.0000828149
        0.0002082313  -0.0000029786   0.0000252607  -0.0000285391   0.0000174246
        0.0000376225  -0.0000389603   0.0000179000   0.0000682748   0.0000058088
        0.0000338554   0.0001858965  -0.0000809649  -0.0000390135   0.0000486130
        0.0000050002   0.0000153108   0.0000627320  -0.0001904435   0.0000656741
        0.0000079074  -0.0000640414  -0.0001400957
       -0.0005543479  -0.0060220325   0.0001866430  -0.0005570394  -0.0002296697
        0.0000016759  -0.0028689792  -0.0006275211   0.0000895326  -0.0105495675
        0.0035239503  -0.0000079894   0.1038911106  -0.1025797037   0.0011207077
        0.0274024042  -0.0177383750   0.0002561241   0.0014194761  -0.0009349992
        0.0000143525  -0.0000119314  -0.0000033514  -0.0000227973  -0.0006369709
        0.0002958368  -0.0000158329  -0.1176043616   0.1195863388  -0.0014669723
        0.0007322805   0.0007853339  -0.0000473069  -0.0017938211   0.0042894384
       -0.0001050554   0.0011698835  -0.0004071021   0.0000107545  -0.0000040576
       -0.0000509939   0.0000349923  -0.0000255716   0.0000289297   0.0000087121
       -0.0000600570  -0.0000458184   0.0000070562   0.0000866753  -0.0000566944
        0.0000057050   0.0000733096   0.0000240703  -0.0000643639   0.0000774887
       -0.0000980465  -0.0000003556  -0.0000220648   0.0000619213  -0.0000307328
       -0.0000433314  -0.0000059756  -0.0000151041  -0.0000087775   0.0000119381
       -0.0000063330  -0.0000809644   0.0001150649   0.0000287975   0.0000024206
       -0.0000555207   0.0000079080  -0.0000593583   0.0000907697  -0.0000069899
        0.0000261524   0.0000422121   0.0000168722
       -0.0000373591   0.0001282972   0.0079065743   0.0000165640   0.0000379488
       -0.0002074025   0.0000208205   0.0001059697   0.0070633304   0.0000245611
       -0.0000922002   0.0009882999  -0.0019705834   0.0012897663  -0.0313130567
       -0.0002912528   0.0001578879  -0.0003223275  -0.0000111881   0.0000124782
        0.0002854687   0.0000064838  -0.0000178303  -0.0017053155   0.0000175505
       -0.0000147648  -0.0003056079   0.0021758292  -0.0014669723   0.0227260333
       -0.0000005586  -0.0000489980  -0.0027881115   0.0000249650  -0.0000487865
       -0.0015698683  -0.0000067166  -0.0000029972  -0.0006684430   0.0000271722
       -0.0000187222   0.0000029884   0.0000063337  -0.0000057161   0.0000105628
        0.0000111955   0.0000182744   0.0000080843  -0.0000306349  -0.0000043618
       -0.0000431784  -0.0000996012   0.0000301336   0.0000467992   0.0000203392
        0.0000536021   0.0000282063   0.0000158922  -0.0000312089  -0.0000056829
        0.0000211247  -0.0000150051  -0.0000003878   0.0000225818  -0.0000055824
       -0.0000071255   0.0000390107  -0.0000287970  -0.0001304890  -0.0000098812
        0.0000116730  -0.0000063994   0.0000219334   0.0000096564   0.0000777207
       -0.0000145815  -0.0000537450  -0.0000706723
       -0.0262279987  -0.0128723329   0.0001054185  -0.0045605560   0.0032925001
       -0.0000891605   0.0006186471   0.0008319894  -0.0000140788   0.0014862073
        0.0002303454  -0.0000184241  -0.0021925167  -0.0026792623   0.0000148075
       -0.2361631825  -0.1110550852   0.0009804622   0.0008124291  -0.0005945193
        0.0000194238  -0.0013823872  -0.0006735268  -0.0000029278   0.0001225754
        0.0000483121   0.0000075959   0.0011604719   0.0007322805  -0.0000005586
        0.2664540795   0.1229623930  -0.0010452663  -0.0001991537  -0.0003047828
       -0.0000028318   0.0000125494   0.0000587337   0.0000001699  -0.0000319570
        0.0000076631   0.0000131525  -0.0001102149  -0.0000979743  -0.0000314411
        0.0000259503   0.0001174514  -0.0000255283  -0.0000349433  -0.0001521202
        0.0000460229   0.0000000120  -0.0001400480   0.0000148114  -0.0001313254
       -0.0000370825   0.0000214985  -0.0000373453   0.0000451966  -0.0000040293
        0.0000733188  -0.0000040716   0.0000298837   0.0000317329   0.0000367452
        0.0000271105   0.0000486129   0.0000024208   0.0000098803   0.0001897595
        0.0000594106  -0.0000189693   0.0000474223   0.0002067285  -0.0000798848
       -0.0000121877  -0.0000213644   0.0000428632
        0.0113299471   0.0067868830  -0.0000599519   0.0027931411  -0.0005782463
        0.0001049345   0.0005450374  -0.0001391647  -0.0000050710   0.0011411773
       -0.0049242606   0.0001531340  -0.0269757177  -0.0184168845   0.0001572861
       -0.1108884207  -0.1086467650   0.0006392321   0.0008415567   0.0009325082
       -0.0000375969   0.0006488607   0.0002747988   0.0000044131   0.0000523851
        0.0000360881  -0.0000160425  -0.0007242896   0.0007853339  -0.0000489980
        0.1229623930   0.1256286055  -0.0009463010  -0.0016498657  -0.0019546620
        0.0000166937  -0.0000879993   0.0002125846   0.0000016298  -0.0000390224
        0.0000459541   0.0000038248   0.0000322166  -0.0000624129  -0.0000160412
        0.0000103263   0.0000437706  -0.0000154276  -0.0000572420  -0.0002384977
        0.0000649634  -0.0000135893  -0.0000393653   0.0000153632  -0.0000743975
       -0.0000060960   0.0000038776   0.0000452605   0.0000195490   0.0000224873
        0.0000044253   0.0000098294   0.0000028021   0.0000363218  -0.0000095686
        0.0000162655   0.0000050000  -0.0000555206  -0.0000116732   0.0000594106
        0.0001125804  -0.0000091522   0.0000351404   0.0001903929  -0.0001115162
       -0.0000320556  -0.0000074342   0.0000708645
       -0.0002183696  -0.0000688664   0.0007820441  -0.0000295076   0.0001239518
        0.0077923068  -0.0000017637  -0.0000386315  -0.0001293594  -0.0000525996
        0.0001765078   0.0084396469   0.0003228706   0.0002505173   0.0005937541
        0.0009470440   0.0005744516  -0.0341180592  -0.0000028092  -0.0000336390
       -0.0025510549  -0.0000039139   0.0000019545  -0.0000982176   0.0000076202
       -0.0000216762  -0.0017254286   0.0000158385  -0.0000473069  -0.0027881115
       -0.0010452663  -0.0009463010   0.0240937883   0.0000194134   0.0000029803
       -0.0002245626  -0.0000033805   0.0000003051   0.0000236671   0.0000406789
        0.0000385623   0.0000299473   0.0000142289  -0.0000094824   0.0000017165
       -0.0000012677   0.0000334660   0.0000071788   0.0000160949  -0.0001007938
       -0.0000281631   0.0000556188   0.0000052115   0.0000329231  -0.0001252180
       -0.0000653802   0.0000298783  -0.0000211175  -0.0000080517  -0.0000088660
        0.0000285116  -0.0000023586  -0.0000084473   0.0000137730   0.0000069439
       -0.0000004187  -0.0000153111  -0.0000079071  -0.0000063991   0.0000189657
        0.0000091507  -0.0001492032   0.0000216929   0.0001443854   0.0000105564
       -0.0000018267  -0.0000179934  -0.0000011166
        0.0021600263  -0.0001645673   0.0000075262  -0.0065133086   0.0003097260
       -0.0000693801  -0.0020540449   0.0390738827  -0.0006320724  -0.0807945848
       -0.0029838223  -0.0000693352  -0.0035931618  -0.0388220424   0.0005354330
       -0.0058541744  -0.0002013090  -0.0000119171   0.0001138097  -0.0001093251
        0.0000078680  -0.0001387582   0.0014865265  -0.0000127441   0.0020099666
       -0.0005495814   0.0000403949   0.0019182983  -0.0017938211   0.0000249650
       -0.0001991537  -0.0016498657   0.0000194134   0.4863798306  -0.0965709852
        0.0030438822  -0.3934797325   0.1019979674  -0.0027824522   0.0000334150
        0.0000291922   0.0000155704  -0.0000751872  -0.0000100204   0.0000098675
       -0.0000743011   0.0000071012  -0.0000649436  -0.0001318906  -0.0001459287
       -0.0000429948   0.0000032149   0.0000247570   0.0001036006  -0.0000402819
        0.0000260037   0.0000052249  -0.0000121207   0.0000072269  -0.0000043392
        0.0000348322  -0.0000225074   0.0000137521   0.0000549609   0.0000093391
        0.0000218470   0.0000627317  -0.0000593578  -0.0000219320   0.0000474226
        0.0000351416  -0.0000216932   0.0002177636   0.0001732699   0.0000252103
       -0.0000755720  -0.0000970005  -0.0001407514
       -0.0009845561  -0.0017745824  -0.0001382790   0.0022732800   0.0019001907
        0.0001975391   0.0127976051  -0.0377688787   0.0003059108  -0.0371234646
       -0.2888297910   0.0045447206  -0.0063169033  -0.0454676809   0.0005433985
       -0.0040035658  -0.0014327958   0.0002272665   0.0000347934   0.0003083478
       -0.0000471699   0.0001555863  -0.0007943202  -0.0000060700  -0.0003493932
        0.0012750901  -0.0000263021   0.0014726870   0.0042894384  -0.0000487865
       -0.0003047828  -0.0019546620   0.0000029803  -0.0965709852   0.4467733094
       -0.0070164314   0.1293153047  -0.0767583281   0.0017040159   0.0000846457
        0.0004204811   0.0002260799  -0.0001805739  -0.0004415491   0.0000851571
       -0.0007063481   0.0005045224   0.0000292526  -0.0000797048  -0.0058546314
        0.0003586584   0.0006039034   0.0003961430   0.0000873171   0.0001147640
       -0.0002715221   0.0000964623   0.0000029261   0.0003421065  -0.0001325324
       -0.0001721386   0.0001621103  -0.0001394605   0.0002753318  -0.0000303119
       -0.0000121352  -0.0001904440   0.0000907694  -0.0000096478   0.0002067289
        0.0001903924  -0.0001443722   0.0001732564   0.0052591572  -0.0018650070
       -0.0005279525  -0.0005330050   0.0011774348
        0.0000119690   0.0000445894  -0.0002474841  -0.0000810804   0.0000422558
        0.0055639380  -0.0002213231   0.0007582601   0.0037894118   0.0005568046
        0.0041118156  -0.0362485374   0.0000486904   0.0007048050   0.0059937990
        0.0000377531   0.0001070693   0.0068969145   0.0000036031  -0.0000393120
       -0.0014059690   0.0000051334   0.0000110157   0.0000006237   0.0000135628
       -0.0000689183  -0.0030532315  -0.0000057516  -0.0001050554  -0.0015698683
       -0.0000028318   0.0000166937  -0.0002245626   0.0030438822  -0.0070164314
        0.0269668855  -0.0030493017   0.0015183681  -0.0062402455   0.0000362118
        0.0000761800   0.0000150847   0.0000393622  -0.0002509156  -0.0000226080
       -0.0000725433   0.0002647409  -0.0001105066  -0.0000391885  -0.0025167101
        0.0005920641   0.0000533355   0.0002533104  -0.0001008554  -0.0000585354
       -0.0001910459  -0.0000143812   0.0000017880   0.0001260531   0.0000161241
       -0.0000756349   0.0001125777   0.0000110296   0.0001109312  -0.0000245354
        0.0000932885  -0.0000656746   0.0000069882   0.0000777212   0.0000798849
        0.0001115132   0.0000105552  -0.0000252267   0.0018649909  -0.0017350519
       -0.0003458204   0.0000816970   0.0009458614
        0.0006985615  -0.0001681322  -0.0000040378  -0.0006552897  -0.0002290735
        0.0000008575   0.0004800584   0.0015768089  -0.0000321195   0.0012204597
        0.0104928639  -0.0001378142   0.0028757381  -0.0028440644   0.0000312859
       -0.0006328818   0.0005611985  -0.0000073266   0.0000265761   0.0000906160
       -0.0000023189   0.0000085439   0.0002580678  -0.0000029250   0.0008269157
       -0.0000323028   0.0000096908  -0.0001823249   0.0011698835  -0.0000067166
        0.0000125494  -0.0000879993  -0.0000033805  -0.3934797325   0.1293153047
       -0.0030493017   0.3886371502  -0.1401078879   0.0031380339  -0.0000154673
       -0.0000251045  -0.0000033367   0.0000060921  -0.0000316182  -0.0000009773
        0.0000058402  -0.0000815299   0.0000210158  -0.0000162381   0.0007109952
       -0.0001200346  -0.0000206852  -0.0001322481  -0.0000435469   0.0000223302
        0.0000277323   0.0000041949   0.0000110384  -0.0000081515  -0.0000020788
        0.0000184589  -0.0000239311  -0.0000012133   0.0000162453   0.0000228546
        0.0000183692   0.0000079083   0.0000261516   0.0000145811  -0.0000121880
       -0.0000320567   0.0000018270  -0.0000755699  -0.0005279608   0.0003458265
        0.0002159108   0.0000795835  -0.0001685544
       -0.0000403287   0.0003375335   0.0000043563   0.0017383382  -0.0010459778
        0.0000559681  -0.0002635295  -0.0064004828   0.0001319738   0.0374454762
       -0.0219242464   0.0003854925   0.0016104549   0.0015269548  -0.0000505650
        0.0000926405  -0.0002936802   0.0000142061  -0.0000843369   0.0001474526
       -0.0000066377  -0.0001053814  -0.0004453792  -0.0000020996  -0.0005683643
       -0.0000096919  -0.0000075983  -0.0017555385  -0.0004071021  -0.0000029972
        0.0000587337   0.0002125846   0.0000003051   0.1019979674  -0.0767583281
        0.0015183681  -0.1401078879   0.1050150986  -0.0020411068  -0.0000301638
       -0.0000283996  -0.0000278466   0.0000433763   0.0000278447  -0.0000256233
        0.0001595101  -0.0001173209  -0.0000382739   0.0001016431   0.0004799394
        0.0001945280  -0.0000963844  -0.0000579956  -0.0001387493  -0.0000011193
       -0.0001097081  -0.0000277530  -0.0000087916   0.0000075947   0.0000163716
       -0.0000246818   0.0000200627   0.0000114715  -0.0000588116  -0.0000018028
        0.0000151390  -0.0000640402   0.0000422133   0.0000537448  -0.0000213646
       -0.0000074341   0.0000179928  -0.0000969993  -0.0005330139  -0.0000816951
        0.0000795834   0.0003232847   0.0000310281
        0.0000155320   0.0000027770   0.0000579192  -0.0000480710  -0.0000006251
        0.0013122642   0.0000093395   0.0001347199   0.0016921940  -0.0006499388
        0.0002660332  -0.0010118209   0.0000033063  -0.0000439039  -0.0012959295
        0.0000012073  -0.0000154333   0.0003079552   0.0000012667   0.0000058418
       -0.0002182137  -0.0000042393   0.0000107000  -0.0002615099   0.0000157062
        0.0000051340   0.0001124888   0.0000279684   0.0000107545  -0.0006684430
        0.0000001699   0.0000016298   0.0000236671  -0.0027824522   0.0017040159
       -0.0062402455   0.0031380339  -0.0020411068   0.0062599534   0.0000348485
       -0.0000475337  -0.0000050692  -0.0000328668   0.0000692503   0.0000192059
        0.0000171764  -0.0001642092   0.0000303996  -0.0001220182   0.0015530720
       -0.0003492754  -0.0001396177  -0.0001857088   0.0001383356   0.0000396052
        0.0001824766   0.0000088488   0.0000135732  -0.0000832074  -0.0000040594
        0.0000553606  -0.0000698196  -0.0000004772  -0.0000004332   0.0000013330
       -0.0000232172   0.0001400966  -0.0000168707  -0.0000706740  -0.0000428639
       -0.0000708625  -0.0000011156   0.0001407604  -0.0011774233   0.0009458595
        0.0001685501  -0.0000310335  -0.0007590406
        0.0003396372   0.0000053643  -0.0000013454  -0.0001088343  -0.0001923235
        0.0000283831  -0.0001272598   0.0000896841  -0.0000111624   0.0001230758
       -0.0000714965  -0.0000016453  -0.0001274980  -0.0000857198  -0.0000032002
       -0.0001106727   0.0001790041  -0.0000292206  -0.0000222668   0.0000055447
        0.0000021077  -0.0000403988   0.0000415954  -0.0000385594   0.0000416593
       -0.0000158556  -0.0000433543   0.0000466936  -0.0000040576   0.0000271722
       -0.0000319570  -0.0000390224   0.0000406789   0.0000334150   0.0000846457
        0.0000362118  -0.0000154673  -0.0000301638   0.0000348485   0.6528502715
       -0.0029888620  -0.0018996993  -0.2699626964  -0.0635358000   0.0006068020
        0.0279263462  -0.0830829333  -0.0011582638  -0.0689447018  -0.0000761317
        0.0002183363   0.0253579648   0.0843969299   0.0009118350  -0.2770714206
        0.0648545870   0.0010381196  -0.0438684904   0.0018228429   0.0000509199
       -0.0261280010  -0.0116952855  -0.0000610564   0.0015582411   0.0005867368
        0.0000236846   0.0016517748  -0.0005543487   0.0000374087  -0.0262279986
        0.0113299482   0.0002185234   0.0021600224  -0.0009845544  -0.0000120126
        0.0006985615  -0.0000403283  -0.0000155121
        0.0000053647   0.0006086184   0.0000268986  -0.0000729123   0.0000113492
       -0.0000470936  -0.0002096201  -0.0001156788  -0.0000733331   0.0000239088
       -0.0006733869   0.0000217005   0.0001648458  -0.0001320327  -0.0000944360
        0.0000732417   0.0000315978  -0.0000444943   0.0000034369  -0.0001070861
       -0.0001443022  -0.0000101781   0.0000569076   0.0000385004   0.0000385511
       -0.0000673525  -0.0000072194  -0.0000422067  -0.0000509939  -0.0000187222
        0.0000076631   0.0000459541   0.0000385623   0.0000291922   0.0004204811
        0.0000761800  -0.0000251045  -0.0000283996  -0.0000475337  -0.0029888620
        0.6804466367   0.0065323594  -0.1427561882  -0.1556780479  -0.0006400471
       -0.0247864381  -0.0375047742  -0.0002752854  -0.0000364244   0.0050629171
        0.0001460960   0.0256227752  -0.0359090922  -0.0004620709   0.1438076605
       -0.1544596195  -0.0016316294   0.0017019872  -0.3022483848  -0.0031047131
        0.0124251667   0.0066933084  -0.0000236068   0.0000163232  -0.0057307234
       -0.0001591063   0.0002128471  -0.0060220338  -0.0001282758  -0.0128723321
        0.0067868827   0.0000689358  -0.0001645663  -0.0017745819  -0.0000445857
       -0.0001681316   0.0003375351  -0.0000027780
        0.0000013396  -0.0000269032  -0.0004936732  -0.0000772657   0.0000003897
       -0.0003758865  -0.0000507934  -0.0000208074   0.0000234469  -0.0000119546
       -0.0002435284  -0.0000707392   0.0000596502  -0.0000219634   0.0000195518
        0.0000796760  -0.0000016958  -0.0003727769   0.0000003158   0.0000650280
        0.0000251738  -0.0000125442   0.0000018703   0.0000310633   0.0000167359
        0.0000198537  -0.0000019643  -0.0000233230   0.0000349923   0.0000029884
        0.0000131525   0.0000038248   0.0000299473   0.0000155704   0.0002260799
        0.0000150847  -0.0000033367  -0.0000278466  -0.0000050692  -0.0018996993
        0.0065323594   0.1129969043  -0.0005798758  -0.0011023058  -0.0471349951
       -0.0004677184  -0.0000803239   0.0016309524   0.0001904414  -0.0000036122
       -0.0060710406   0.0002959463  -0.0006330473   0.0013982403   0.0021711251
       -0.0015573384  -0.0466986763   0.0000463922  -0.0031292935  -0.0323448571
        0.0002824381   0.0001391113   0.0008261330   0.0000385437  -0.0001820523
        0.0080711281   0.0000238940  -0.0001866047   0.0079065738  -0.0001052032
        0.0000598608   0.0007820429  -0.0000075415   0.0001383091  -0.0002474732
        0.0000040344  -0.0000043563   0.0000579205
       -0.0001088338  -0.0000729122   0.0000772642   0.0006013760  -0.0000156220
       -0.0000537501   0.0001563966  -0.0001032235   0.0000481163  -0.0000817764
        0.0003039953  -0.0000412553  -0.0001074979   0.0002203613   0.0000625120
       -0.0001611099  -0.0001224581   0.0000512747   0.0000459300  -0.0001036555
       -0.0000254255  -0.0001311059   0.0000705618   0.0001308623  -0.0000647539
       -0.0000650721  -0.0000321170   0.0000130385  -0.0000255716   0.0000063337
       -0.0001102149   0.0000322166   0.0000142289  -0.0000751872  -0.0001805739
        0.0000393622   0.0000060921   0.0000433763  -0.0000328668  -0.2699626964
       -0.1427561882  -0.0005798758   0.6695454927  -0.0088754204  -0.0031161397
       -0.0950653399   0.0387128612   0.0008325568   0.0309435570   0.0258139868
        0.0002005464  -0.0134504908  -0.0308857357  -0.0003211799  -0.0687005811
        0.0293994794   0.0005669055  -0.0010453703  -0.0018104312   0.0000062712
       -0.2396754382   0.1098791482   0.0023405452  -0.0013758452  -0.0257068391
       -0.0003164354   0.0005335110  -0.0005570391  -0.0000165610  -0.0045605559
        0.0027931408   0.0000295879  -0.0065133057   0.0022732783   0.0000811618
       -0.0006552903   0.0017383366   0.0000480774
       -0.0001923236   0.0000113479  -0.0000003900  -0.0000156208   0.0005409422
        0.0000188589   0.0002237200  -0.0002559418  -0.0001181564   0.0000302834
        0.0003234686   0.0000913669   0.0001726859   0.0001565474  -0.0000266755
        0.0001101670  -0.0000885408   0.0000224382  -0.0000083006  -0.0001699118
        0.0000218039   0.0000483283  -0.0000218381  -0.0000687545  -0.0001943603
       -0.0000600485   0.0000484927  -0.0000618176   0.0000289297  -0.0000057161
       -0.0000979743  -0.0000624129  -0.0000094824  -0.0000100204  -0.0004415491
       -0.0002509156  -0.0000316182   0.0000278447   0.0000692503  -0.0635358000
       -0.1556780479  -0.0011023058  -0.0088754204   0.6675666328   0.0066522138
       -0.0371714902  -0.3463544544  -0.0033086440   0.0842819787  -0.0346006418
       -0.0006631432  -0.0273651046  -0.0482656869  -0.0004369217  -0.0312412177
        0.0595103112   0.0008623402  -0.0260632521  -0.0188548796  -0.0000994774
        0.1100070264  -0.1060338886  -0.0013069606  -0.0024972643  -0.0173244771
       -0.0001857300  -0.0008857560  -0.0002296700  -0.0000379277   0.0032924993
       -0.0005782470  -0.0001239486   0.0003097272   0.0019001894  -0.0000422418
       -0.0002290751  -0.0010459776   0.0000006266
       -0.0000283835   0.0000470909  -0.0003758896   0.0000537428  -0.0000188629
       -0.0004743129  -0.0000518845  -0.0000135054  -0.0003812602   0.0000066002
       -0.0000974538   0.0000817182   0.0000283883   0.0000325618  -0.0000980817
        0.0000509649  -0.0000192161   0.0000224632   0.0000066732  -0.0000122226
        0.0000317579  -0.0000169697   0.0000029206   0.0000286338  -0.0000010276
       -0.0000109715   0.0000341092  -0.0000051651   0.0000087121   0.0000105628
       -0.0000314411  -0.0000160412   0.0000017165   0.0000098675   0.0000851571
       -0.0000226080  -0.0000009773  -0.0000256233   0.0000192059   0.0006068020
       -0.0006400471  -0.0471349951  -0.0031161397   0.0066522138   0.1169335491
       -0.0001024697  -0.0038322964  -0.0429602071   0.0009170691  -0.0003978064
       -0.0026139106  -0.0003737707  -0.0004223499  -0.0042306379  -0.0001143732
        0.0006803826   0.0013601967  -0.0003127148  -0.0002127201  -0.0000825793
        0.0023596010  -0.0013884366  -0.0345062327  -0.0000349789  -0.0000413554
       -0.0001043028  -0.0000072575  -0.0000016713  -0.0002074014   0.0000892362
       -0.0001049322   0.0077923062   0.0000694502  -0.0001975509   0.0055639295
       -0.0000008420  -0.0000559758   0.0013122703
       -0.0001272597  -0.0002096191   0.0000507957   0.0001563957   0.0002237202
        0.0000518785   0.0004282039  -0.0000543176  -0.0000149500   0.0000454612
        0.0007620243  -0.0000746215  -0.0001616370   0.0001271786   0.0000896223
       -0.0001345311  -0.0001746064   0.0000309244  -0.0000421039  -0.0000210443
       -0.0000100324  -0.0000076070   0.0000050115  -0.0000582348  -0.0000972818
       -0.0000276538   0.0001157146  -0.0000455281  -0.0000600570   0.0000111955
        0.0000259503   0.0000103263  -0.0000012677  -0.0000743011  -0.0007063481
       -0.0000725433   0.0000058402   0.0001595101   0.0000171764   0.0279263462
       -0.0247864381  -0.0004677184  -0.0950653399  -0.0371714902  -0.0001024697
        0.6569365148   0.0169405708  -0.0033046408  -0.2672495953   0.1267691530
        0.0026305631  -0.0605222868  -0.0266818732  -0.0001306401  -0.0143600337
        0.0285863510   0.0004235074  -0.0040757738  -0.0033220833   0.0000147758
       -0.0022357138   0.0267291562   0.0003456208  -0.2360380607  -0.1173075999
        0.0002623303  -0.0043323256  -0.0028689799  -0.0000207431   0.0006186472
        0.0005450374   0.0000017555  -0.0020540384   0.0127976031   0.0002213347
        0.0004800580  -0.0002635317  -0.0000093330
        0.0000896844  -0.0001156791   0.0000208054  -0.0001032235  -0.0002559423
        0.0000135069  -0.0000543177   0.0004628802   0.0000048740   0.0001067616
       -0.0005440270  -0.0000407167  -0.0000615260  -0.0001011475   0.0000033374
       -0.0002101952   0.0001459941  -0.0000440863  -0.0000480179   0.0000307371
        0.0000519539   0.0001264582  -0.0000290340   0.0000153578   0.0000622714
        0.0000059734   0.0000410391   0.0000509676  -0.0000458184   0.0000182744
        0.0001174514   0.0000437706   0.0000334660   0.0000071012   0.0005045224
        0.0002647409  -0.0000815299  -0.0001173209  -0.0001642092  -0.0830829333
       -0.0375047742  -0.0000803239   0.0387128612  -0.3463544544  -0.0038322964
        0.0169405708   0.6895826175   0.0064951251   0.0493029903  -0.1342442601
       -0.0012659890   0.0252777752   0.0539864645   0.0005127228   0.0309800876
       -0.0471784346  -0.0006078275  -0.0028978485  -0.0007817804  -0.0001089532
        0.0029365691  -0.0180523329  -0.0002718689  -0.1161043608  -0.1145019090
       -0.0000984845  -0.0035502715  -0.0006275214  -0.0001059313   0.0008319900
       -0.0001391645   0.0000386245   0.0390738758  -0.0377688783  -0.0007584330
        0.0015768084  -0.0064004810  -0.0001347084
        0.0000111634   0.0000733349   0.0000234476  -0.0000481183   0.0001181550
       -0.0003812626   0.0000149444  -0.0000048769  -0.0005052094   0.0000941753
       -0.0001012697  -0.0001425554   0.0000763387   0.0000064027   0.0000043230
        0.0000377099   0.0000157589  -0.0001031660  -0.0000158425  -0.0000426761
        0.0000013291  -0.0000127394   0.0000107882   0.0000327730  -0.0000667549
       -0.0000417524   0.0000649693  -0.0000349115   0.0000070562   0.0000080843
       -0.0000255283  -0.0000154276   0.0000071788  -0.0000649436   0.0000292526
       -0.0001105066   0.0000210158  -0.0000382739   0.0000303996  -0.0011582638
       -0.0002752854   0.0016309524   0.0008325568  -0.0033086440  -0.0429602071
       -0.0033046408   0.0064951251   0.1101316365   0.0018069429  -0.0019626014
       -0.0513967708   0.0005761072   0.0007390498   0.0002539711   0.0003777360
       -0.0007113778  -0.0039163485   0.0000339470  -0.0000412206   0.0071457943
        0.0000384984  -0.0003474586   0.0004751004   0.0001241800  -0.0000817758
       -0.0327095045   0.0000082067  -0.0000894956   0.0070633307   0.0000140720
        0.0000050663  -0.0001293601   0.0006320248  -0.0003059051   0.0037894064
        0.0000321237  -0.0001319490   0.0016921945
        0.0001230754   0.0000239092   0.0000119530  -0.0000817767   0.0000302826
       -0.0000065969   0.0000454620   0.0001067621  -0.0000941784   0.0004737083
        0.0000412153   0.0000079367   0.0000006732  -0.0001091868   0.0001065359
       -0.0000558955  -0.0000404241   0.0000042665  -0.0000581265  -0.0000145693
       -0.0000055276  -0.0000198032   0.0000597960  -0.0000259352  -0.0001759135
       -0.0000666947   0.0000341511  -0.0001746560   0.0000866753  -0.0000306349
       -0.0000349433  -0.0000572420   0.0000160949  -0.0001318906  -0.0000797048
       -0.0000391885  -0.0000162381   0.0001016431  -0.0001220182  -0.0689447018
       -0.0000364244   0.0001904414   0.0309435570   0.0842819787   0.0009170691
       -0.2672495953   0.0493029903   0.0018069429   0.6724967883  -0.0008601780
       -0.0016753504  -0.2657747891  -0.0494370397  -0.0003260286   0.0319734348
       -0.0844264869  -0.0011119531  -0.0008242472  -0.0000257700   0.0000045323
        0.0013244742  -0.0006552113   0.0000198605  -0.0278587643   0.0108600861
        0.0001958927  -0.0278919136  -0.0105495676  -0.0000243268   0.0014862074
        0.0011411766   0.0000526443  -0.0807945906  -0.0371234917  -0.0005564246
        0.0012204646   0.0374454760   0.0006498416
       -0.0000714944  -0.0006733867   0.0002435300   0.0003039969   0.0003234661
        0.0000974522   0.0007620268  -0.0005440276   0.0001012653   0.0000412203
        0.0072487708   0.0006257659  -0.0007703311  -0.0004654275   0.0001376105
       -0.0002475206   0.0001864334   0.0001073289   0.0000021448  -0.0002516428
       -0.0000996151   0.0001499802  -0.0002261405  -0.0001021353  -0.0002418846
        0.0001091898  -0.0000252762   0.0002282714  -0.0000566944  -0.0000043618
       -0.0001521202  -0.0002384977  -0.0001007938  -0.0001459287  -0.0058546314
       -0.0025167101   0.0007109952   0.0004799394   0.0015530720  -0.0000761317
        0.0050629171  -0.0000036122   0.0258139868  -0.0346006418  -0.0003978064
        0.1267691530  -0.1342442601  -0.0019626014  -0.0008601780   0.6471613875
        0.0079949905  -0.1352861953  -0.1390482785  -0.0009116017  -0.0242770422
       -0.0350224199  -0.0002549714  -0.0000001645   0.0008504281  -0.0000240006
       -0.0000119759  -0.0054198956  -0.0001945810  -0.0148580710   0.0073777563
        0.0001986718   0.0144779049   0.0035239508   0.0000921178   0.0002303436
       -0.0049242610  -0.0001764680  -0.0029838468  -0.2888297872  -0.0041112099
        0.0104928610  -0.0219242465  -0.0002660600
        0.0000016439  -0.0000216974  -0.0000707393   0.0000412547  -0.0000913696
        0.0000817171   0.0000746181   0.0000407180  -0.0001425559  -0.0000079466
       -0.0006257934  -0.0008025164  -0.0000810433   0.0000576567  -0.0001316642
       -0.0000407358  -0.0001018922   0.0000781928  -0.0000000762   0.0000928845
       -0.0000220335  -0.0000427021   0.0000636581  -0.0000309138   0.0000685438
        0.0000077609  -0.0000530124  -0.0000525475   0.0000057050  -0.0000431784
        0.0000460229   0.0000649634  -0.0000281631  -0.0000429948   0.0003586584
        0.0005920641  -0.0001200346   0.0001945280  -0.0003492754   0.0002183363
        0.0001460960  -0.0060710406   0.0002005464  -0.0006631432  -0.0026139106
        0.0026305631  -0.0012659890  -0.0513967708  -0.0016753504   0.0079949905
        0.1300605319  -0.0012960418  -0.0009054989  -0.0501204379  -0.0003993539
       -0.0000878294  -0.0024710875   0.0000028318  -0.0000065846   0.0006134338
        0.0000347021  -0.0001592278   0.0088531405  -0.0000059451  -0.0000239591
        0.0019006172   0.0002198200   0.0000080547   0.0009882985   0.0000184712
       -0.0001531099   0.0084396466   0.0000696419  -0.0045438859  -0.0362485185
        0.0001377757  -0.0003856938  -0.0010118241
       -0.0001274985   0.0001648462  -0.0000596500  -0.0001074984   0.0001726860
       -0.0000283883  -0.0001616380  -0.0000615259  -0.0000763373   0.0000006725
       -0.0007703313   0.0000810448   0.0005599959   0.0000220980   0.0000080832
        0.0001107496  -0.0001181636  -0.0000553921  -0.0000430514   0.0000218483
        0.0000129031   0.0000220620  -0.0000197610   0.0000030799  -0.0000481437
        0.0000349239  -0.0000090975  -0.0001352057   0.0000733096  -0.0000996012
        0.0000000120  -0.0000135893   0.0000556188   0.0000032149   0.0006039034
        0.0000533355  -0.0000206852  -0.0000963844  -0.0001396177   0.0253579648
        0.0256227752   0.0002959463  -0.0134504908  -0.0273651046  -0.0003737707
       -0.0605222868   0.0252777752   0.0005761072  -0.2657747891  -0.1352861953
       -0.0012960418   0.6531990971  -0.0052339639  -0.0011939206  -0.0945296407
        0.0394595442   0.0005030893  -0.0040981641   0.0032070168   0.0000578698
        0.0006904884  -0.0005988484  -0.0000061546  -0.0041633533   0.0026942071
        0.0000938920  -0.2338518672   0.1038911023   0.0019717330  -0.0021925184
       -0.0269757195  -0.0003227834  -0.0035931640  -0.0063169053  -0.0000486080
        0.0028757379   0.0016104563  -0.0000033397
       -0.0000857191  -0.0001320324   0.0000219627   0.0002203611   0.0001565472
       -0.0000325637   0.0001271790  -0.0001011469  -0.0000064040  -0.0001091872
       -0.0004654264  -0.0000576566   0.0000220986   0.0004877297   0.0000223794
        0.0000920739  -0.0002713767   0.0000335379   0.0000484673   0.0000280794
        0.0000497636  -0.0001182016   0.0000428814   0.0000296862  -0.0000655329
       -0.0000508025   0.0000127158  -0.0000702176   0.0000240703   0.0000301336
       -0.0001400480  -0.0000393653   0.0000052115   0.0000247570   0.0003961430
        0.0002533104  -0.0001322481  -0.0000579956  -0.0001857088   0.0843969299
       -0.0359090922  -0.0006330473  -0.0308857357  -0.0482656869  -0.0004223499
       -0.0266818732   0.0539864645   0.0007390498  -0.0494370397  -0.1390482785
       -0.0009054989  -0.0052339639   0.6741152252   0.0069113166  -0.0371477416
       -0.3381229559  -0.0034848406   0.0026975875  -0.0005270173  -0.0001334148
       -0.0008594857  -0.0001942335   0.0000447235   0.0030846962  -0.0011144121
       -0.0000910457   0.1045982163  -0.1025797040  -0.0012903083  -0.0026792638
       -0.0184168860  -0.0002504488  -0.0388220439  -0.0454676834  -0.0007044166
       -0.0028440647   0.0015269546   0.0000439129
        0.0000032009   0.0000944363   0.0000195524  -0.0000625137   0.0000266721
       -0.0000980801  -0.0000896209  -0.0000033367   0.0000043239  -0.0001065361
       -0.0001376046  -0.0001316640  -0.0000080916  -0.0000223843  -0.0005688391
        0.0000495562   0.0001517160  -0.0003440878   0.0000169246  -0.0000492616
        0.0000016709   0.0000338014  -0.0000205874   0.0000083205   0.0000331241
       -0.0000063106   0.0000050990   0.0000944233  -0.0000643639   0.0000467992
        0.0000148114   0.0000153632   0.0000329231   0.0001036006   0.0000873171
       -0.0001008554  -0.0000435469  -0.0001387493   0.0001383356   0.0009118350
       -0.0004620709   0.0013982403  -0.0003211799  -0.0004369217  -0.0042306379
       -0.0001306401   0.0005127228   0.0002539711  -0.0003260286  -0.0009116017
       -0.0501204379  -0.0011939206   0.0069113166   0.1085635777  -0.0003752255
       -0.0036070691  -0.0434585875   0.0000447088  -0.0000709146   0.0074508636
       -0.0000150698   0.0000043865  -0.0000547667   0.0000784297  -0.0001017566
        0.0072057275   0.0018693378  -0.0011212519  -0.0313130773  -0.0000147828
       -0.0001570541   0.0005937575  -0.0005352912  -0.0005432387   0.0059937953
       -0.0000313061   0.0000505471  -0.0012959237
       -0.0001106728   0.0000732426  -0.0000796779  -0.0001611105   0.0001101671
       -0.0000509665  -0.0001345320  -0.0002101952  -0.0000377089  -0.0000558952
       -0.0002475213   0.0000407388   0.0001107499   0.0000920733  -0.0000495599
        0.0005980715   0.0000120084   0.0000566074   0.0000541258   0.0001042169
        0.0000260533  -0.0001015345  -0.0000308321  -0.0000174374   0.0000083972
        0.0000284117   0.0000075877  -0.0000828149   0.0000774887   0.0000203392
       -0.0001313254  -0.0000743975  -0.0001252180  -0.0000402819   0.0001147640
       -0.0000585354   0.0000223302  -0.0000011193   0.0000396052  -0.2770714206
        0.1438076605   0.0021711251  -0.0687005811  -0.0312412177  -0.0001143732
       -0.0143600337   0.0309800876   0.0003777360   0.0319734348  -0.0242770422
       -0.0003993539  -0.0945296407  -0.0371477416  -0.0003752255   0.6732883319
        0.0054990895  -0.0008139102  -0.0015113507   0.0020574302   0.0000066639
       -0.0044843766  -0.0028426450   0.0000590925   0.0004324322   0.0005130233
        0.0000094823  -0.0023620580   0.0274024033   0.0002911923  -0.2361631916
       -0.1108884291  -0.0009453987  -0.0058541715  -0.0040035668  -0.0000376547
       -0.0006328818   0.0000926405  -0.0000012035
        0.0001790038   0.0000315967   0.0000016926  -0.0001224583  -0.0000885411
        0.0000192196  -0.0001746070   0.0001459943  -0.0000157578  -0.0000404234
        0.0001864355   0.0001018932  -0.0001181649  -0.0002713764  -0.0001517127
        0.0000120079   0.0005709369   0.0000073838   0.0000018594  -0.0001646561
        0.0000194220   0.0000940349  -0.0000700761  -0.0000070936   0.0000726187
        0.0000160807  -0.0000182593   0.0002082313  -0.0000980465   0.0000536021
       -0.0000370825  -0.0000060960  -0.0000653802   0.0000260037  -0.0002715221
       -0.0001910459   0.0000277323  -0.0001097081   0.0001824766   0.0648545870
       -0.1544596195  -0.0015573384   0.0293994794   0.0595103112   0.0006803826
        0.0285863510  -0.0471784346  -0.0007113778  -0.0844264869  -0.0350224199
       -0.0000878294   0.0394595442  -0.3381229559  -0.0036070691   0.0054990895
        0.6629707554   0.0065941178   0.0264851034  -0.0186655389  -0.0002719693
       -0.0032463368  -0.0006712279  -0.0001142892   0.0009136543  -0.0001202684
       -0.0000380752   0.0030414655  -0.0177383756  -0.0001578680  -0.1110550927
       -0.1086467702  -0.0005735109  -0.0002013127  -0.0014327970  -0.0001070481
        0.0005611989  -0.0002936804   0.0000154345
        0.0000292180   0.0000444978  -0.0003727790  -0.0000512776  -0.0000224414
        0.0000224640  -0.0000309208   0.0000440860  -0.0001031658  -0.0000042684
       -0.0001073249   0.0000781925   0.0000553867  -0.0000335422  -0.0003440861
       -0.0000566108  -0.0000073903  -0.0004683518  -0.0000078230  -0.0000104961
        0.0000315287   0.0000296480  -0.0000151673   0.0000012742   0.0000011308
        0.0000011156   0.0000108990  -0.0000029786  -0.0000003556   0.0000282063
        0.0000214985   0.0000038776   0.0000298783   0.0000052249   0.0000964623
       -0.0000143812   0.0000041949  -0.0000277530   0.0000088488   0.0010381196
       -0.0016316294  -0.0466986763   0.0005669055   0.0008623402   0.0013601967
        0.0004235074  -0.0006078275  -0.0039163485  -0.0011119531  -0.0002549714
       -0.0024710875   0.0005030893  -0.0034848406  -0.0434585875  -0.0008139102
        0.0065941178   0.1163539574   0.0003186202  -0.0002162488  -0.0002265148
       -0.0000056140  -0.0000845550   0.0075728045   0.0000037014  -0.0000059495
       -0.0001887682   0.0000445771  -0.0002562728  -0.0003223289  -0.0009788121
       -0.0006382945  -0.0341180421   0.0000120164  -0.0002272319   0.0068969186
        0.0000073299  -0.0000142051   0.0003079489
       -0.0000222666   0.0000034377  -0.0000003152   0.0000459304  -0.0000083013
       -0.0000066747  -0.0000421038  -0.0000480185   0.0000158440  -0.0000581264
        0.0000021448   0.0000000769  -0.0000430521   0.0000484663  -0.0000169256
        0.0000541255   0.0000018601   0.0000078241   0.0000889484  -0.0000001384
        0.0000000528  -0.0000359461  -0.0000463428   0.0000218908   0.0000217749
        0.0000186583  -0.0000150985   0.0000252607  -0.0000220648   0.0000158922
       -0.0000373453   0.0000452605  -0.0000211175  -0.0000121207   0.0000029261
        0.0000017880   0.0000110384  -0.0000087916   0.0000135732  -0.0438684904
        0.0017019872   0.0000463922  -0.0010453703  -0.0260632521  -0.0003127148
       -0.0040757738  -0.0028978485   0.0000339470  -0.0008242472  -0.0000001645
        0.0000028318  -0.0040981641   0.0026975875   0.0000447088  -0.0015113507
        0.0264851034   0.0003186202   0.0538871330  -0.0019762863  -0.0001190828
        0.0008041619  -0.0008483846  -0.0000260434  -0.0000740200  -0.0012993277
       -0.0000145584  -0.0001428113   0.0014194757   0.0000111858   0.0008124287
        0.0008415566   0.0000027842   0.0001138077   0.0000347953  -0.0000036103
        0.0000265794  -0.0000843385  -0.0000012709
        0.0000055441  -0.0001070851  -0.0000650284  -0.0001036557  -0.0001699122
        0.0000122241  -0.0000210442   0.0000307367   0.0000426764  -0.0000145699
       -0.0002516437  -0.0000928837   0.0000218491   0.0000280790   0.0000492613
        0.0001042171  -0.0001646562   0.0000104958  -0.0000001384   0.0002251157
        0.0000252949  -0.0000452805   0.0000171590  -0.0000087870   0.0000251426
        0.0000528849  -0.0000382630  -0.0000285391   0.0000619213  -0.0000312089
        0.0000451966   0.0000195490  -0.0000080517   0.0000072269   0.0003421065
        0.0001260531  -0.0000081515   0.0000075947  -0.0000832074   0.0018228429
       -0.3022483848  -0.0031292935  -0.0018104312  -0.0188548796  -0.0002127201
       -0.0033220833  -0.0007817804  -0.0000412206  -0.0000257700   0.0008504281
       -0.0000065846   0.0032070168  -0.0005270173  -0.0000709146   0.0020574302
       -0.0186655389  -0.0002162488  -0.0019762863   0.3396157563   0.0036779295
        0.0006106723   0.0009098018   0.0000261847   0.0000670882  -0.0008435434
       -0.0000203318  -0.0000050477  -0.0009349990  -0.0000124745  -0.0005945193
        0.0009325085   0.0000336351  -0.0001093253   0.0003083477   0.0000393063
        0.0000906156   0.0001474516  -0.0000058428
       -0.0000021071   0.0001443080   0.0000251715   0.0000254217  -0.0000218083
        0.0000317579   0.0000100344  -0.0000519525   0.0000013294   0.0000055261
        0.0000996061  -0.0000220331  -0.0000129034  -0.0000497657   0.0000016718
       -0.0000260500  -0.0000194225   0.0000315290  -0.0000000543  -0.0000252966
       -0.0001633702   0.0000054330   0.0000236114  -0.0000101821  -0.0000121654
       -0.0000214447  -0.0000079583   0.0000174246  -0.0000307328  -0.0000056829
       -0.0000040293   0.0000224873  -0.0000088660  -0.0000043392  -0.0001325324
        0.0000161241  -0.0000020788   0.0000163716  -0.0000040594   0.0000509199
       -0.0031047131  -0.0323448571   0.0000062712  -0.0000994774  -0.0000825793
        0.0000147758  -0.0001089532   0.0071457943   0.0000045323  -0.0000240006
        0.0006134338   0.0000578698  -0.0001334148   0.0074508636   0.0000066639
       -0.0002719693  -0.0002265148  -0.0001190828   0.0036779295   0.0236899840
       -0.0000021841   0.0000412072  -0.0024485924   0.0000067758  -0.0000070498
        0.0002068165  -0.0000016466  -0.0000143596   0.0002854673  -0.0000194450
        0.0000375822  -0.0025510556  -0.0000078785   0.0000471527  -0.0014059802
        0.0000023163   0.0000066374  -0.0002182118
       -0.0000403986  -0.0000101787   0.0000125450  -0.0001311067   0.0000483283
        0.0000169699  -0.0000076065   0.0001264583   0.0000127399  -0.0000198031
        0.0001499812   0.0000427018   0.0000220614  -0.0001182026  -0.0000338017
       -0.0001015348   0.0000940356  -0.0000296457  -0.0000359460  -0.0000452803
       -0.0000054323   0.0001881137  -0.0000561999  -0.0000154442   0.0000411701
       -0.0000006400   0.0000177168   0.0000376225  -0.0000433314   0.0000211247
        0.0000733188   0.0000044253   0.0000285116   0.0000348322  -0.0001721386
       -0.0000756349   0.0000184589  -0.0000246818   0.0000553606  -0.0261280010
        0.0124251667   0.0002824381  -0.2396754382   0.1100070264   0.0023596010
       -0.0022357138   0.0029365691   0.0000384984   0.0013244742  -0.0000119759
        0.0000347021   0.0006904884  -0.0008594857  -0.0000150698  -0.0044843766
       -0.0032463368  -0.0000056140   0.0008041619   0.0006106723  -0.0000021841
        0.2699932945  -0.1217258028  -0.0027138679   0.0010341134  -0.0007755431
       -0.0000227444   0.0001104158  -0.0000119312  -0.0000064973  -0.0013823870
        0.0006488606   0.0000039210  -0.0001387572   0.0001555864  -0.0000051310
        0.0000085437  -0.0001053814   0.0000042364
        0.0000415958   0.0000569072  -0.0000018717   0.0000705606  -0.0000218360
       -0.0000029212   0.0000050111  -0.0000290331  -0.0000107916   0.0000597966
       -0.0002261403  -0.0000636579  -0.0000197606   0.0000428806   0.0000205867
       -0.0000308325  -0.0000700750   0.0000151691  -0.0000463432   0.0000171589
       -0.0000236097  -0.0000561999   0.0001186321   0.0000069836   0.0000071445
       -0.0000598434   0.0000122861  -0.0000389603  -0.0000059756  -0.0000150051
       -0.0000040716   0.0000098294  -0.0000023586  -0.0000225074   0.0001621103
        0.0001125777  -0.0000239311   0.0000200627  -0.0000698196  -0.0116952855
        0.0066933084   0.0001391113   0.1098791482  -0.1060338886  -0.0013884366
        0.0267291562  -0.0180523329  -0.0003474586  -0.0006552113  -0.0054198956
       -0.0001592278  -0.0005988484  -0.0001942335   0.0000043865  -0.0028426450
       -0.0006712279  -0.0000845550  -0.0008483846   0.0009098018   0.0000412072
       -0.1217258028   0.1228950111   0.0017922677   0.0007795319   0.0008270289
        0.0000309849  -0.0000342284  -0.0000033518   0.0000178249  -0.0006735269
        0.0002747988  -0.0000019511   0.0014865255  -0.0007943166  -0.0000110196
        0.0002580691  -0.0004453799  -0.0000107015
        0.0000385595  -0.0000384994   0.0000310628  -0.0001308620   0.0000687516
        0.0000286332   0.0000582365  -0.0000153605   0.0000327765   0.0000259337
        0.0001021317  -0.0000309138  -0.0000030807  -0.0000296851   0.0000083216
        0.0000174395   0.0000070922   0.0000012747  -0.0000218910   0.0000087872
       -0.0000101819   0.0000154416  -0.0000069806  -0.0001614455  -0.0000181241
        0.0000148017  -0.0000100205   0.0000179000  -0.0000151041  -0.0000003878
        0.0000298837   0.0000028021  -0.0000084473   0.0000137521  -0.0001394605
        0.0000110296  -0.0000012133   0.0000114715  -0.0000004772  -0.0000610564
       -0.0000236068   0.0008261330   0.0023405452  -0.0013069606  -0.0345062327
        0.0003456208  -0.0002718689   0.0004751004   0.0000198605  -0.0001945810
        0.0088531405  -0.0000061546   0.0000447235  -0.0000547667   0.0000590925
       -0.0001142892   0.0075728045  -0.0000260434   0.0000261847  -0.0024485924
       -0.0027138679   0.0017922677   0.0242906941  -0.0000126417   0.0000508465
       -0.0028350823  -0.0000059305   0.0000227942  -0.0017053160   0.0000029382
       -0.0000044182  -0.0000982176   0.0000127406   0.0000060619   0.0000006218
        0.0000029215   0.0000020986  -0.0002615111
        0.0000416594   0.0000385517  -0.0000167363  -0.0000647540  -0.0001943605
        0.0000010296  -0.0000972821   0.0000622710   0.0000667559  -0.0001759145
       -0.0002418858  -0.0000685425  -0.0000481435  -0.0000655332  -0.0000331232
        0.0000083974   0.0000726191  -0.0000011322   0.0000217751   0.0000251427
        0.0000121648   0.0000411701   0.0000071445   0.0000181237   0.0001608514
        0.0000428933  -0.0000293039   0.0000682748  -0.0000087775   0.0000225818
        0.0000317329   0.0000363218   0.0000137730   0.0000549609   0.0002753318
        0.0001109312   0.0000162453  -0.0000588116  -0.0000004332   0.0015582411
        0.0000163232   0.0000385437  -0.0013758452  -0.0024972643  -0.0000349789
       -0.2360380607  -0.1161043608   0.0001241800  -0.0278587643  -0.0148580710
       -0.0000059451  -0.0041633533   0.0030846962   0.0000784297   0.0004324322
        0.0009136543   0.0000037014  -0.0000740200   0.0000670882   0.0000067758
        0.0010341134   0.0007795319  -0.0000126417   0.2648417834   0.1301098376
       -0.0002396738  -0.0013749568  -0.0006369708  -0.0000175408   0.0001225753
        0.0000523852  -0.0000076327   0.0020099661  -0.0003493925  -0.0000135976
        0.0008269155  -0.0005683643  -0.0000157087
       -0.0000158554  -0.0000673525  -0.0000198542  -0.0000650715  -0.0000600490
        0.0000109712  -0.0000276544   0.0000059731   0.0000417539  -0.0000666947
        0.0001091896  -0.0000077605   0.0000349238  -0.0000508032   0.0000063098
        0.0000284114   0.0000160816  -0.0000011138   0.0000186585   0.0000528852
        0.0000214453  -0.0000006403  -0.0000598430  -0.0000148017   0.0000428934
        0.0001096481  -0.0000160942   0.0000058088   0.0000119381  -0.0000055824
        0.0000367452  -0.0000095686   0.0000069439   0.0000093391  -0.0000303119
       -0.0000245354   0.0000228546  -0.0000018028   0.0000013330   0.0005867368
       -0.0057307234  -0.0001820523  -0.0257068391  -0.0173244771  -0.0000413554
       -0.1173075999  -0.1145019090  -0.0000817758   0.0108600861   0.0073777563
       -0.0000239591   0.0026942071  -0.0011144121  -0.0001017566   0.0005130233
       -0.0001202684  -0.0000059495  -0.0012993277  -0.0008435434  -0.0000070498
       -0.0007755431   0.0008270289   0.0000508465   0.1301098376   0.1298072409
        0.0002938294   0.0008352720   0.0002958370   0.0000147567   0.0000483123
        0.0000360882   0.0000216715  -0.0005495808   0.0012750894   0.0000689142
       -0.0000323032  -0.0000096919  -0.0000051349
        0.0000433544   0.0000072194  -0.0000019638   0.0000321183  -0.0000484912
        0.0000341089  -0.0001157135  -0.0000410390   0.0000649694  -0.0000341500
        0.0000252755  -0.0000530118   0.0000090977  -0.0000127157   0.0000050988
       -0.0000075876   0.0000182590   0.0000108988   0.0000150985   0.0000382625
       -0.0000079587  -0.0000177171  -0.0000122857  -0.0000100202   0.0000293011
        0.0000160929  -0.0001639103   0.0000338554  -0.0000063330  -0.0000071255
        0.0000271105   0.0000162655  -0.0000004187   0.0000218470  -0.0000121352
        0.0000932885   0.0000183692   0.0000151390  -0.0000232172   0.0000236846
       -0.0001591063   0.0080711281  -0.0003164354  -0.0001857300  -0.0001043028
        0.0002623303  -0.0000984845  -0.0327095045   0.0001958927   0.0001986718
        0.0019006172   0.0000938920  -0.0000910457   0.0072057275   0.0000094823
       -0.0000380752  -0.0001887682  -0.0000145584  -0.0000203318   0.0002068165
       -0.0000227444   0.0000309849  -0.0028350823  -0.0002396738   0.0002938294
        0.0234844076   0.0000108764   0.0000158357  -0.0003056079  -0.0000076085
        0.0000160376  -0.0017254286  -0.0000404262   0.0000262978  -0.0030532293
       -0.0000096953   0.0000076023   0.0001124885
        0.0000466935  -0.0000422065   0.0000233229   0.0000130384  -0.0000618174
        0.0000051655  -0.0000455278   0.0000509675   0.0000349117  -0.0001746558
        0.0002282719   0.0000525479  -0.0001352056  -0.0000702180  -0.0000944210
       -0.0000828149   0.0002082310   0.0000029796   0.0000252605  -0.0000285389
       -0.0000174244   0.0000376222  -0.0000389601  -0.0000178999   0.0000682744
        0.0000058088  -0.0000338561   0.0001858965  -0.0000809644   0.0000390107
        0.0000486129   0.0000050000  -0.0000153111   0.0000627317  -0.0001904440
       -0.0000656746   0.0000079083  -0.0000640402   0.0001400966   0.0016517748
        0.0002128471   0.0000238940   0.0005335110  -0.0008857560  -0.0000072575
       -0.0043323256  -0.0035502715   0.0000082067  -0.0278919136   0.0144779049
        0.0002198200  -0.2338518672   0.1045982163   0.0018693378  -0.0023620580
        0.0030414655   0.0000445771  -0.0001428113  -0.0000050477  -0.0000016466
        0.0001104158  -0.0000342284  -0.0000059305  -0.0013749568   0.0008352720
        0.0000108764   0.2647059513  -0.1176043519  -0.0021772165   0.0011604720
       -0.0007242894  -0.0000158646   0.0019182980   0.0014726880   0.0000057230
       -0.0001823249  -0.0017555386  -0.0000279670
       -0.0000040582  -0.0000509933  -0.0000349933  -0.0000255718   0.0000289301
       -0.0000087110  -0.0000600571  -0.0000458184  -0.0000070561   0.0000866748
       -0.0000566946  -0.0000057052   0.0000733111   0.0000240701   0.0000643649
        0.0000774886  -0.0000980468   0.0000003551  -0.0000220645   0.0000619212
        0.0000307339  -0.0000433312  -0.0000059758   0.0000151046  -0.0000087777
        0.0000119381   0.0000063329  -0.0000809649   0.0001150649  -0.0000287970
        0.0000024208  -0.0000555206  -0.0000079071  -0.0000593578   0.0000907694
        0.0000069882   0.0000261516   0.0000422133  -0.0000168707  -0.0005543487
       -0.0060220338  -0.0001866047  -0.0005570391  -0.0002296700  -0.0000016713
       -0.0028689799  -0.0006275214  -0.0000894956  -0.0105495676   0.0035239508
        0.0000080547   0.1038911023  -0.1025797040  -0.0011212519   0.0274024033
       -0.0177383756  -0.0002562728   0.0014194757  -0.0009349990  -0.0000143596
       -0.0000119312  -0.0000033518   0.0000227942  -0.0006369708   0.0002958370
        0.0000158357  -0.1176043519   0.1195863397   0.0014675487   0.0007322809
        0.0007853339   0.0000472923  -0.0017938201   0.0042894386   0.0001050533
        0.0011698834  -0.0004071020  -0.0000107621
       -0.0000271737   0.0000187223   0.0000029893  -0.0000063326   0.0000057129
        0.0000105627  -0.0000111940  -0.0000182720   0.0000080841   0.0000306340
        0.0000043527  -0.0000431793   0.0000996041  -0.0000301346   0.0000467990
       -0.0000203387  -0.0000536017   0.0000282061  -0.0000158923   0.0000312088
       -0.0000056828  -0.0000211259   0.0000150063  -0.0000003867  -0.0000225824
        0.0000055815  -0.0000071252  -0.0000390135   0.0000287975  -0.0001304890
        0.0000098803  -0.0000116732  -0.0000063991  -0.0000219320  -0.0000096478
        0.0000777212   0.0000145811   0.0000537448  -0.0000706740   0.0000374087
       -0.0001282758   0.0079065738  -0.0000165610  -0.0000379277  -0.0002074014
       -0.0000207431  -0.0001059313   0.0070633307  -0.0000243268   0.0000921178
        0.0009882985   0.0019717330  -0.0012903083  -0.0313130773   0.0002911923
       -0.0001578680  -0.0003223289   0.0000111858  -0.0000124745   0.0002854673
       -0.0000064973   0.0000178249  -0.0017053160  -0.0000175408   0.0000147567
       -0.0003056079  -0.0021772165   0.0014675487   0.0227260563   0.0000005307
        0.0000489945  -0.0027881115  -0.0000249896   0.0000487360  -0.0015698684
        0.0000067101   0.0000030093  -0.0006684416
       -0.0000319575   0.0000076628  -0.0000131520  -0.0001102149  -0.0000979744
        0.0000314416   0.0000259504   0.0001174512   0.0000255285  -0.0000349441
       -0.0001521210  -0.0000460224   0.0000000113  -0.0001400488  -0.0000148117
       -0.0001313247  -0.0000370813  -0.0000214962  -0.0000373448   0.0000451968
        0.0000040290   0.0000733184  -0.0000040715  -0.0000298847   0.0000317327
        0.0000367453  -0.0000271108   0.0000486130   0.0000024206  -0.0000098812
        0.0001897595   0.0000594106   0.0000189657   0.0000474226   0.0002067289
        0.0000798849  -0.0000121880  -0.0000213646  -0.0000428639  -0.0262279986
       -0.0128723321  -0.0001052032  -0.0045605559   0.0032924993   0.0000892362
        0.0006186472   0.0008319900   0.0000140720   0.0014862074   0.0002303436
        0.0000184712  -0.0021925184  -0.0026792638  -0.0000147828  -0.2361631916
       -0.1110550927  -0.0009788121   0.0008124287  -0.0005945193  -0.0000194450
       -0.0013823870  -0.0006735269   0.0000029382   0.0001225753   0.0000483123
       -0.0000076085   0.0011604720   0.0007322809   0.0000005307   0.2664540906
        0.1229624030   0.0010433139  -0.0001991528  -0.0003047826   0.0000028345
        0.0000125491   0.0000587338  -0.0000001719
       -0.0000390227   0.0000459543  -0.0000038257   0.0000322166  -0.0000624124
        0.0000160421   0.0000103264   0.0000437706   0.0000154270  -0.0000572431
       -0.0002384981  -0.0000649624  -0.0000135894  -0.0000393650  -0.0000153616
       -0.0000743966  -0.0000060955  -0.0000038765   0.0000452605   0.0000195487
       -0.0000224868   0.0000044253   0.0000098295  -0.0000028017   0.0000363217
       -0.0000095687  -0.0000162661   0.0000050002  -0.0000555207   0.0000116730
        0.0000594106   0.0001125804   0.0000091507   0.0000351416   0.0001903924
        0.0001115132  -0.0000320567  -0.0000074341  -0.0000708625   0.0113299482
        0.0067868827   0.0000598608   0.0027931408  -0.0005782470  -0.0001049322
        0.0005450374  -0.0001391645   0.0000050663   0.0011411766  -0.0049242610
       -0.0001531099  -0.0269757195  -0.0184168860  -0.0001570541  -0.1108884291
       -0.1086467702  -0.0006382945   0.0008415566   0.0009325085   0.0000375822
        0.0006488606   0.0002747988  -0.0000044182   0.0000523852   0.0000360882
        0.0000160376  -0.0007242894   0.0007853339   0.0000489945   0.1229624030
        0.1256286127   0.0009452130  -0.0016498657  -0.0019546619  -0.0000166793
       -0.0000879991   0.0002125843  -0.0000016290
       -0.0000406766  -0.0000385570   0.0000299476  -0.0000142329   0.0000094752
        0.0000017164   0.0000012705  -0.0000334649   0.0000071794  -0.0000160976
        0.0001007829  -0.0000281628  -0.0000556196  -0.0000052125   0.0000329237
        0.0001252235   0.0000653791   0.0000298774   0.0000211182   0.0000080499
       -0.0000088658  -0.0000285116   0.0000023602  -0.0000084467  -0.0000137743
       -0.0000069435  -0.0000004186   0.0000153108   0.0000079080  -0.0000063994
       -0.0000189693  -0.0000091522  -0.0001492032  -0.0000216932  -0.0001443722
        0.0000105552   0.0000018270   0.0000179928  -0.0000011156   0.0002185234
        0.0000689358   0.0007820429   0.0000295879  -0.0001239486   0.0077923062
        0.0000017555   0.0000386245  -0.0001293601   0.0000526443  -0.0001764680
        0.0084396466  -0.0003227834  -0.0002504488   0.0005937575  -0.0009453987
       -0.0005735109  -0.0341180421   0.0000027842   0.0000336351  -0.0025510556
        0.0000039210  -0.0000019511  -0.0000982176  -0.0000076327   0.0000216715
       -0.0017254286  -0.0000158646   0.0000472923  -0.0027881115   0.0010433139
        0.0009452130   0.0240937688  -0.0000194058  -0.0000029851  -0.0002245592
        0.0000033802  -0.0000003059   0.0000236651
        0.0000334143   0.0000291920  -0.0000155709  -0.0000751882  -0.0000100185
       -0.0000098665  -0.0000743000   0.0000070998   0.0000649424  -0.0001318910
       -0.0001459111   0.0000430001   0.0000032135   0.0000247543  -0.0001036004
       -0.0000402813   0.0000260043  -0.0000052255  -0.0000121203   0.0000072257
        0.0000043401   0.0000348328  -0.0000225054  -0.0000137492   0.0000549595
        0.0000093396  -0.0000218477   0.0000627320  -0.0000593583   0.0000219334
        0.0000474223   0.0000351404   0.0000216929   0.0002177636   0.0001732564
       -0.0000252267  -0.0000755699  -0.0000969993   0.0001407604   0.0021600224
       -0.0001645663  -0.0000075415  -0.0065133057   0.0003097272   0.0000694502
       -0.0020540384   0.0390738758   0.0006320248  -0.0807945906  -0.0029838468
        0.0000696419  -0.0035931640  -0.0388220439  -0.0005352912  -0.0058541715
       -0.0002013127   0.0000120164   0.0001138077  -0.0001093253  -0.0000078785
       -0.0001387572   0.0014865255   0.0000127406   0.0020099661  -0.0005495808
       -0.0000404262   0.0019182980  -0.0017938201  -0.0000249896  -0.0001991528
       -0.0016498657  -0.0000194058   0.4863798056  -0.0965709423  -0.0030466951
       -0.3934797069   0.1019979553   0.0027847716
        0.0000846433   0.0004204811  -0.0002260840  -0.0001805760  -0.0004415473
       -0.0000851561  -0.0007063489   0.0005045216  -0.0000292492  -0.0000797079
       -0.0058546250  -0.0003586361   0.0006039028   0.0003961426  -0.0000873216
        0.0001147636  -0.0002715198  -0.0000964592   0.0000029260   0.0003421060
        0.0001325436  -0.0001721379   0.0001621100   0.0001394641   0.0002753308
       -0.0000303125   0.0000121353  -0.0001904435   0.0000907697   0.0000096564
        0.0002067285   0.0001903929   0.0001443854   0.0001732699   0.0052591572
        0.0018649909  -0.0005279608  -0.0005330139  -0.0011774233  -0.0009845544
       -0.0017745819   0.0001383091   0.0022732783   0.0019001894  -0.0001975509
        0.0127976031  -0.0377688783  -0.0003059051  -0.0371234917  -0.2888297872
       -0.0045438859  -0.0063169053  -0.0454676834  -0.0005432387  -0.0040035668
       -0.0014327970  -0.0002272319   0.0000347953   0.0003083477   0.0000471527
        0.0001555864  -0.0007943166   0.0000060619  -0.0003493925   0.0012750894
        0.0000262978   0.0014726880   0.0042894386   0.0000487360  -0.0003047826
       -0.0019546619  -0.0000029851  -0.0965709423   0.4467733089   0.0070161022
        0.1293152943  -0.0767583301  -0.0017047087
       -0.0000362108  -0.0000761802   0.0000150881  -0.0000393626   0.0002509144
       -0.0000226072   0.0000725458  -0.0002647431  -0.0001105083   0.0000391917
        0.0025167240   0.0005920559  -0.0000533404  -0.0002533154  -0.0001008542
        0.0000585371   0.0001910430  -0.0000143849  -0.0000017856  -0.0001260545
        0.0000161242   0.0000756364  -0.0001125741   0.0000110317  -0.0001109328
        0.0000245375   0.0000932885   0.0000656741  -0.0000069899   0.0000777207
       -0.0000798848  -0.0001115162   0.0000105564   0.0000252103  -0.0018650070
       -0.0017350519   0.0003458265  -0.0000816951   0.0009458595  -0.0000120126
       -0.0000445857  -0.0002474732   0.0000811618  -0.0000422418   0.0055639295
        0.0002213347  -0.0007584330   0.0037894064  -0.0005564246  -0.0041112099
       -0.0362485185  -0.0000486080  -0.0007044166   0.0059937953  -0.0000376547
       -0.0001070481   0.0068969186  -0.0000036103   0.0000393063  -0.0014059802
       -0.0000051310  -0.0000110196   0.0000006218  -0.0000135976   0.0000689142
       -0.0030532293   0.0000057230   0.0001050533  -0.0015698684   0.0000028345
       -0.0000166793  -0.0002245592  -0.0030466951   0.0070161022   0.0269669375
        0.0030515752  -0.0015188854  -0.0062402987
       -0.0000154681  -0.0000251033   0.0000033371   0.0000060917  -0.0000316186
        0.0000009792   0.0000058404  -0.0000815288  -0.0000210158  -0.0000162368
        0.0007109830   0.0001200301  -0.0000206834  -0.0001322462   0.0000435503
        0.0000223302   0.0000277309  -0.0000041958   0.0000110379  -0.0000081509
        0.0000020788   0.0000184584  -0.0000239324   0.0000012123   0.0000162453
        0.0000228542  -0.0000183693   0.0000079074   0.0000261524  -0.0000145815
       -0.0000121877  -0.0000320556  -0.0000018267  -0.0000755720  -0.0005279525
       -0.0003458204   0.0002159108   0.0000795834   0.0001685501   0.0006985615
       -0.0001681316   0.0000040344  -0.0006552903  -0.0002290751  -0.0000008420
        0.0004800580   0.0015768084   0.0000321237   0.0012204646   0.0104928610
        0.0001377757   0.0028757379  -0.0028440647  -0.0000313061  -0.0006328818
        0.0005611989   0.0000073299   0.0000265794   0.0000906156   0.0000023163
        0.0000085437   0.0002580691   0.0000029215   0.0008269155  -0.0000323032
       -0.0000096953  -0.0001823249   0.0011698834   0.0000067101   0.0000125491
       -0.0000879991   0.0000033802  -0.3934797069   0.1293152943   0.0030515752
        0.3886371201  -0.1401078726  -0.0031402518
       -0.0000301644  -0.0000283995   0.0000278468   0.0000433794   0.0000278419
        0.0000256237   0.0001595082  -0.0001173201   0.0000382748   0.0001016435
        0.0004799297  -0.0001945297  -0.0000963833  -0.0000579941   0.0001387508
       -0.0000011183  -0.0001097090   0.0000277523  -0.0000087914   0.0000075947
       -0.0000163713  -0.0000246823   0.0000200632  -0.0000114734  -0.0000588116
       -0.0000018023  -0.0000151389  -0.0000640414   0.0000422121  -0.0000537450
       -0.0000213644  -0.0000074342  -0.0000179934  -0.0000970005  -0.0005330050
        0.0000816970   0.0000795835   0.0003232847  -0.0000310335  -0.0000403283
        0.0003375351  -0.0000043563   0.0017383366  -0.0010459776  -0.0000559758
       -0.0002635317  -0.0064004810  -0.0001319490   0.0374454760  -0.0219242465
       -0.0003856938   0.0016104563   0.0015269546   0.0000505471   0.0000926405
       -0.0002936804  -0.0000142051  -0.0000843385   0.0001474516   0.0000066374
       -0.0001053814  -0.0004453799   0.0000020986  -0.0005683643  -0.0000096919
        0.0000076023  -0.0017555386  -0.0004071020   0.0000030093   0.0000587338
        0.0002125843  -0.0000003059   0.1019979553  -0.0767583301  -0.0015188854
       -0.1401078726   0.1050151016   0.0020418166
       -0.0000348491   0.0000475351  -0.0000050685   0.0000328660  -0.0000692515
        0.0000192057  -0.0000171763   0.0001642101   0.0000303992   0.0001220161
       -0.0015530820  -0.0003492719   0.0001396200   0.0001857110   0.0001383327
       -0.0000396049  -0.0001824745   0.0000088503  -0.0000135748   0.0000832076
       -0.0000040604  -0.0000553613   0.0000698136  -0.0000004816   0.0000004342
       -0.0000013343  -0.0000232159  -0.0001400957   0.0000168722  -0.0000706723
        0.0000428632   0.0000708645  -0.0000011166  -0.0001407514   0.0011774348
        0.0009458614  -0.0001685544   0.0000310281  -0.0007590406  -0.0000155121
       -0.0000027780   0.0000579205   0.0000480774   0.0000006266   0.0013122703
       -0.0000093330  -0.0001347084   0.0016921945   0.0006498416  -0.0002660600
       -0.0010118241  -0.0000033397   0.0000439129  -0.0012959237  -0.0000012035
        0.0000154345   0.0003079489  -0.0000012709  -0.0000058428  -0.0002182118
        0.0000042364  -0.0000107015  -0.0002615111  -0.0000157087  -0.0000051349
        0.0001124885  -0.0000279670  -0.0000107621  -0.0006684416  -0.0000001719
       -0.0000016290   0.0000236651   0.0027847716  -0.0017047087  -0.0062402987
       -0.0031402518   0.0020418166   0.0062600019
